cat1;cat2;cat3;dialogset;cameraName;pos;rot;fov;zoom;dofFocusDistFar;dofBlurDistFar;dofIntensity;dofFocusDistNear;dofBlurDistNear;dofFfocalLength;dofDistance;dofPlane;dofTags
actor 1;;;[-0.45,0.6,0][0,0,200][0.52,0.65,0][0,0,158][0.45,-0.6,0][0,0,20][-0.54,-0.55,0][0,0,338.5];1 2 closeup ext;[2.07,-0.13,1.71];[359.5,-0.0,70.5];10;3;5;8.2;1;2.3;0;31.4669;3.45487;None;
actor 1;;;[-0.45,0.6,0][0,0,200][0.52,0.65,0][0,0,158][0.45,-0.6,0][0,0,20][-0.54,-0.55,0][0,0,338.5];1 2 closeup ext b;[1.91,1.58,1.71];[359.3,-0.0,116.0];10;3;5;8.2;1;2.3;0;31.4669;3.45487;Closeup;
actor 1;;;[-0.45,0.6,0][0,0,200][0.52,0.65,0][0,0,158][0.45,-0.6,0][0,0,20][-0.54,-0.55,0][0,0,338.5];1 2 closeup int;[1.16,-0.03,1.72];[359.6,-0.0,65.2];14;3;5;8.2;1;1;0;31.4669;3.45487;None;
actor 1;;;[-0.45,0.6,0][0,0,200][0.52,0.65,0][0,0,158][0.45,-0.6,0][0,0,20][-0.54,-0.55,0][0,0,338.5];1 2 medium ext;[1.96,-0.35,1.60];[358.0,-0.0,65.1];20;3;8.47;38.9;1;2.17;0;31.4669;3.45487;None;
actor 1;;;[-0.45,0.6,0][0,0,200][0.52,0.65,0][0,0,158][0.45,-0.6,0][0,0,20][-0.54,-0.55,0][0,0,338.5];1 2 medium ext b;[1.84,2.10,1.59];[357.5,-0.0,129.6];20;3;8.47;38.9;1;2.17;0;31.4669;3.45487;None;
actor 1;;;[-0.45,0.6,0][0,0,200][0.52,0.65,0][0,0,158][0.45,-0.6,0][0,0,20][-0.54,-0.55,0][0,0,338.5];1 2 semicloseup ext;[1.65,0.02,1.66];[358.6,-0.0,69.6];19;3;5;8.2;1;1.6;0;31.4669;3.45487;None;
actor 1;;;[-0.45,0.6,0][0,0,200][0.52,0.65,0][0,0,158][0.45,-0.6,0][0,0,20][-0.54,-0.55,0][0,0,338.5];1 2 semicloseup ext b;[1.64,1.72,1.66];[357.6,-0.0,124.1];19;3;5;8.2;1;1.6;0;31.4669;3.45487;Semicloseup;
actor 1;;;[-0.45,0.6,0][0,0,200][0.52,0.65,0][0,0,158][0.45,-0.6,0][0,0,20][-0.54,-0.55,0][0,0,338.5];1 2 supercloseup int;[1.10,0.07,1.72];[360.0,-0.0,69.4];10;3;5;8.2;1;1.3;0;31.4669;3.45487;None;
actor 1;;;[-0.45,0.6,0][0,0,200][0.52,0.65,0][0,0,158][0.45,-0.6,0][0,0,20][-0.54,-0.55,0][0,0,338.5];1 2 supercloseup int b;[0.97,1.25,1.72];[360.0,-0.0,116.9];10;3;5;8.2;1;1.3;0;31.4669;3.45487;Supercloseup;
actor 1;;;[-0.45,0.6,0][0,0,200][0.52,0.65,0][0,0,158][0.45,-0.6,0][0,0,20][-0.54,-0.55,0][0,0,338.5];1 2 wide ext;[2.20,-1.17,1.60];[355.4,-0.0,54.1];25;3;8.52;38.9;1;2.25;0;31.4669;3.45487;None;
actor 1;;;[-0.45,0.6,0][0,0,200][0.52,0.65,0][0,0,158][0.45,-0.6,0][0,0,20][-0.54,-0.55,0][0,0,338.5];1 2 wide ext b;[2.00,2.11,1.59];[355.4,-0.0,131.6];25;3;8.52;38.9;1;2.25;0;31.4669;3.45487;None;
actor 1;;;[-0.45,0.6,0][0,0,200][0.52,0.65,0][0,0,158][0.45,-0.6,0][0,0,20][-0.54,-0.55,0][0,0,338.5];1 3 closeup ext;[0.67,-1.91,1.71];[359.1,-0.0,21.1];10;3;5;8.2;1;1.6;0;31.4669;3.45487;None;
actor 1;;;[-0.45,0.6,0][0,0,200][0.52,0.65,0][0,0,158][0.45,-0.6,0][0,0,20][-0.54,-0.55,0][0,0,338.5];1 3 closeup ext b;[1.74,-1.32,1.72];[359.4,-0.0,51.4];10;3;5;8.2;1;1.6;0;31.4669;3.45487;Closeup;
actor 1;;;[-0.45,0.6,0][0,0,200][0.52,0.65,0][0,0,158][0.45,-0.6,0][0,0,20][-0.54,-0.55,0][0,0,338.5];1 3 closeup int;[-0.16,-1.23,1.72];[359.4,-0.0,6.7];14;3;5;8.2;1;1;0;31.4669;3.45487;None;
actor 1;;;[-0.45,0.6,0][0,0,200][0.52,0.65,0][0,0,158][0.45,-0.6,0][0,0,20][-0.54,-0.55,0][0,0,338.5];1 3 closeup int b;[0.97,-0.60,1.72];[359.1,-0.0,51.0];14;3;5;8.2;1;1;0;31.4669;3.45487;Closeup;
actor 1;;;[-0.45,0.6,0][0,0,200][0.52,0.65,0][0,0,158][0.45,-0.6,0][0,0,20][-0.54,-0.55,0][0,0,338.5];1 3 medium ext;[0.46,-2.24,1.64];[357.4,-0.0,14.1];20;3;8.47;38.9;1;2.17;0;31.4669;3.45487;None;
actor 1;;;[-0.45,0.6,0][0,0,200][0.52,0.65,0][0,0,158][0.45,-0.6,0][0,0,20][-0.54,-0.55,0][0,0,338.5];1 3 medium ext b;[1.89,-1.20,1.63];[356.9,-0.0,52.6];20;3;8.47;24.5;1;1.85;0;31.4669;3.45487;None;
actor 1;;;[-0.45,0.6,0][0,0,200][0.52,0.65,0][0,0,158][0.45,-0.6,0][0,0,20][-0.54,-0.55,0][0,0,338.5];1 3 semicloseup ext;[0.36,-1.49,1.67];[357.9,-0.0,14.1];19;3;5;8.2;1;1.6;0;31.4669;3.45487;None;
actor 1;;;[-0.45,0.6,0][0,0,200][0.52,0.65,0][0,0,158][0.45,-0.6,0][0,0,20][-0.54,-0.55,0][0,0,338.5];1 3 semicloseup ext b;[1.31,-0.88,1.68];[357.6,-0.0,56.1];19;3;5;8.2;1;1.6;0;31.4669;3.45487;None;
actor 1;;;[-0.45,0.6,0][0,0,200][0.52,0.65,0][0,0,158][0.45,-0.6,0][0,0,20][-0.54,-0.55,0][0,0,338.5];1 3 semicloseup int;[0.10,-1.31,1.67];[357.6,-0.0,13.1];20;3;5;8.2;1;1.6;0;31.4669;3.45487;None;
actor 1;;;[-0.45,0.6,0][0,0,200][0.52,0.65,0][0,0,158][0.45,-0.6,0][0,0,20][-0.54,-0.55,0][0,0,338.5];1 3 semicloseup int b;[1.22,-0.37,1.66];[358.4,-0.0,62.6];20;3;5;8.2;1;1.6;0;31.4669;3.45487;Semicloseup;
actor 1;;;[-0.45,0.6,0][0,0,200][0.52,0.65,0][0,0,158][0.45,-0.6,0][0,0,20][-0.54,-0.55,0][0,0,338.5];1 3 supercloseup int;[0.06,-0.97,1.73];[359.9,-0.0,15.1];10;3;5;8.2;1;1.3;0;31.4669;3.45487;None;
actor 1;;;[-0.45,0.6,0][0,0,200][0.52,0.65,0][0,0,158][0.45,-0.6,0][0,0,20][-0.54,-0.55,0][0,0,338.5];1 3 supercloseup int b;[0.88,-0.41,1.73];[359.4,-0.0,52.4];10;3;5;8.2;1;1.3;0;31.4669;3.45487;Supercloseup;
actor 1;;;[-0.45,0.6,0][0,0,200][0.52,0.65,0][0,0,158][0.45,-0.6,0][0,0,20][-0.54,-0.55,0][0,0,338.5];1 3 wide ext;[0.54,-2.16,1.61];[355.9,-0.0,16.9];25;3;8.47;38.9;1;2.17;0;31.4669;3.45487;None;
actor 1;;;[-0.45,0.6,0][0,0,200][0.52,0.65,0][0,0,158][0.45,-0.6,0][0,0,20][-0.54,-0.55,0][0,0,338.5];1 3 wide ext b;[2.02,-1.21,1.59];[355.9,-0.0,57.1];25;3;8.54;15.5;1;1.75;0;31.4669;3.45487;None;
actor 1;;;[-0.45,0.6,0][0,0,200][0.52,0.65,0][0,0,158][0.45,-0.6,0][0,0,20][-0.54,-0.55,0][0,0,338.5];1 4 closeup ext;[-1.49,-1.76,1.72];[359.4,-0.0,332.7];10;3;5;8.2;1;2.3;0;31.4669;3.45487;None;
actor 1;;;[-0.45,0.6,0][0,0,200][0.52,0.65,0][0,0,158][0.45,-0.6,0][0,0,20][-0.54,-0.55,0][0,0,338.5];1 4 closeup ext b;[0.16,-2.15,1.69];[359.9,-0.0,15.5];10;3;5;8.2;1;2.3;0;31.4669;3.45487;Closeup;
actor 1;;;[-0.45,0.6,0][0,0,200][0.52,0.65,0][0,0,158][0.45,-0.6,0][0,0,20][-0.54,-0.55,0][0,0,338.5];1 4 closeup int;[-1.18,-1.09,1.73];[359.1,-0.0,335.0];14;3;5;8.2;1;1;0;31.4669;3.45487;None;
actor 1;;;[-0.45,0.6,0][0,0,200][0.52,0.65,0][0,0,158][0.45,-0.6,0][0,0,20][-0.54,-0.55,0][0,0,338.5];1 4 medium ext;[-1.87,-1.64,1.63];[356.9,-0.0,321.9];20;3;8.47;38.9;1;2.17;0;31.4669;3.45487;None;
actor 1;;;[-0.45,0.6,0][0,0,200][0.52,0.65,0][0,0,158][0.45,-0.6,0][0,0,20][-0.54,-0.55,0][0,0,338.5];1 4 medium ext b;[0.40,-2.06,1.63];[357.1,-0.0,21.1];20;3;8.47;38.9;1;2.17;0;31.4669;3.45487;None;
actor 1;;;[-0.45,0.6,0][0,0,200][0.52,0.65,0][0,0,158][0.45,-0.6,0][0,0,20][-0.54,-0.55,0][0,0,338.5];1 4 semicloseup ext;[-1.44,-1.34,1.68];[357.1,-0.0,328.1];19;3;5;8.2;1;1.6;0;31.4669;3.45487;None;
actor 1;;;[-0.45,0.6,0][0,0,200][0.52,0.65,0][0,0,158][0.45,-0.6,0][0,0,20][-0.54,-0.55,0][0,0,338.5];1 4 semicloseup ext b;[0.10,-1.56,1.68];[357.4,-0.0,19.9];19;3;5;8.2;1;1.6;0;31.4669;3.45487;None;
actor 1;;;[-0.45,0.6,0][0,0,200][0.52,0.65,0][0,0,158][0.45,-0.6,0][0,0,20][-0.54,-0.55,0][0,0,338.5];1 4 supercloseup int;[-1.24,-0.92,1.74];[359.1,-0.0,329.6];10;3;5;8.2;1;1.3;0;31.4669;3.45487;None;
actor 1;;;[-0.45,0.6,0][0,0,200][0.52,0.65,0][0,0,158][0.45,-0.6,0][0,0,20][-0.54,-0.55,0][0,0,338.5];1 4 wide ext;[-2.22,-1.73,1.66];[353.9,-0.0,311.9];25;3;8.47;22;1;2.65;0;31.4669;3.45487;None;
actor 1;;;[-0.45,0.6,0][0,0,200][0.52,0.65,0][0,0,158][0.45,-0.6,0][0,0,20][-0.54,-0.55,0][0,0,338.5];1 4 wide ext b;[0.50,-2.07,1.60];[356.1,-0.0,24.1];25;3;8.47;38.9;1;2.17;0;31.4669;3.45487;None;
actor 1;;;[-0.45,0.6,0][0,0,200][0.52,0.65,0][0,0,158][0.45,-0.6,0][0,0,20][-0.54,-0.55,0][0,0,338.5];1 closeup zero;[0.25,-1.30,1.69];[358.9,-0.0,20.0];16;3;5;8.2;1;1;0;31.4669;3.45487;None;
actor 1;;;[-0.45,0.6,0][0,0,200][0.52,0.65,0][0,0,158][0.45,-0.6,0][0,0,20][-0.54,-0.55,0][0,0,338.5];1 semicloseup zero;[0.01,-0.74,1.71];[0.1,-0.0,18.5];16;3;5;8.2;1;1;0;31.4669;3.45487;None;
actor 1;;;[-0.45,0.6,0][0,0,200][0.52,0.65,0][0,0,158][0.45,-0.6,0][0,0,20][-0.54,-0.55,0][0,0,338.5];1 supercloseup zero;[-0.04,-0.56,1.72];[0.6,-0.0,19.0];12;3;5;8.2;1;1;0;31.4669;3.45487;None;
actor 2;;;[-0.45,0.6,0][0,0,200][0.52,0.65,0][0,0,158][0.45,-0.6,0][0,0,20][-0.54,-0.55,0][0,0,338.5];2 1 closeup ext;[-2.08,-0.30,1.73];[358.8,-0.0,292.2];10;3;5;8.2;1;2.3;0;31.4669;3.45487;None;
actor 2;;;[-0.45,0.6,0][0,0,200][0.52,0.65,0][0,0,158][0.45,-0.6,0][0,0,20][-0.54,-0.55,0][0,0,338.5];2 1 closeup ext b;[-2.09,1.56,1.73];[358.8,-0.0,248.0];10;3;5;8.2;1;2.3;0;31.4669;3.45487;Closeup;
actor 2;;;[-0.45,0.6,0][0,0,200][0.52,0.65,0][0,0,158][0.45,-0.6,0][0,0,20][-0.54,-0.55,0][0,0,338.5];2 1 closeup int;[-1.01,-0.05,1.73];[359.3,-0.0,297.2];14;3;5;8.2;1;1;0;31.4669;3.45487;None;
actor 2;;;[-0.45,0.6,0][0,0,200][0.52,0.65,0][0,0,158][0.45,-0.6,0][0,0,20][-0.54,-0.55,0][0,0,338.5];2 1 closeup int b;[-0.69,1.19,1.74];[357.8,-0.0,243.7];19;3;5;8.2;1;1;0;31.4669;3.45487;Closeup;
actor 2;;;[-0.45,0.6,0][0,0,200][0.52,0.65,0][0,0,158][0.45,-0.6,0][0,0,20][-0.54,-0.55,0][0,0,338.5];2 1 medium ext;[-1.78,-0.80,1.64];[357.1,-0.0,304.6];20;3;8.47;38.9;1;2.17;0;31.4669;3.45487;None;
actor 2;;;[-0.45,0.6,0][0,0,200][0.52,0.65,0][0,0,158][0.45,-0.6,0][0,0,20][-0.54,-0.55,0][0,0,338.5];2 1 medium ext b;[-1.53,1.61,1.70];[356.1,-0.0,238.4];20;3;8.47;38.9;1;2;0;31.4669;3.45487;None;
actor 2;;;[-0.45,0.6,0][0,0,200][0.52,0.65,0][0,0,158][0.45,-0.6,0][0,0,20][-0.54,-0.55,0][0,0,338.5];2 1 semicloseup ext;[-1.65,-0.10,1.70];[357.3,-0.0,290.9];19;3;5;8.2;1;1.6;0;31.4669;3.45487;None;
actor 2;;;[-0.45,0.6,0][0,0,200][0.52,0.65,0][0,0,158][0.45,-0.6,0][0,0,20][-0.54,-0.55,0][0,0,338.5];2 1 semicloseup ext b;[-1.29,1.39,1.69];[357.8,-0.0,241.4];19;3;5;8.2;1;1.6;0;31.4669;3.45487;Semicloseup;
actor 2;;;[-0.45,0.6,0][0,0,200][0.52,0.65,0][0,0,158][0.45,-0.6,0][0,0,20][-0.54,-0.55,0][0,0,338.5];2 1 supercloseup int;[-0.93,0.09,1.74];[359.7,-0.0,293.1];10;3;5;8.2;1;1.3;0;31.4669;3.45487;None;
actor 2;;;[-0.45,0.6,0][0,0,200][0.52,0.65,0][0,0,158][0.45,-0.6,0][0,0,20][-0.54,-0.55,0][0,0,338.5];2 1 supercloseup int b;[-0.85,1.06,1.74];[360.0,-0.0,251.4];10;3;5;8.2;1;1.3;0;31.4669;3.45487;Supercloseup;
actor 2;;;[-0.45,0.6,0][0,0,200][0.52,0.65,0][0,0,158][0.45,-0.6,0][0,0,20][-0.54,-0.55,0][0,0,338.5];2 1 wide ext;[-1.80,-0.59,1.65];[355.2,-0.0,298.4];25;3;8.52;38.9;1;2.25;0;31.4669;3.45487;None;
actor 2;;;[-0.45,0.6,0][0,0,200][0.52,0.65,0][0,0,158][0.45,-0.6,0][0,0,20][-0.54,-0.55,0][0,0,338.5];2 1 wide ext b;[-1.66,2.04,1.67];[354.2,-0.0,225.6];25;3;8.52;38.9;1;2.25;0;31.4669;3.45487;None;
actor 2;;;[-0.45,0.6,0][0,0,200][0.52,0.65,0][0,0,158][0.45,-0.6,0][0,0,20][-0.54,-0.55,0][0,0,338.5];2 3 closeup ext;[-0.52,-2.01,1.73];[358.8,-0.0,335.5];10;3;5;8.2;1;2.3;0;31.4669;3.45487;None;
actor 2;;;[-0.45,0.6,0][0,0,200][0.52,0.65,0][0,0,158][0.45,-0.6,0][0,0,20][-0.54,-0.55,0][0,0,338.5];2 3 closeup ext b;[1.13,-2.02,1.73];[359.3,-0.0,15.2];10;3;5;8.2;1;2.3;0;31.4669;3.45487;Closeup;
actor 2;;;[-0.45,0.6,0][0,0,200][0.52,0.65,0][0,0,158][0.45,-0.6,0][0,0,20][-0.54,-0.55,0][0,0,338.5];2 3 closeup int;[-0.35,-1.01,1.71];[359.8,-0.0,329.2];14;3;5;8.2;1;1;0;31.4669;3.45487;None;
actor 2;;;[-0.45,0.6,0][0,0,200][0.52,0.65,0][0,0,158][0.45,-0.6,0][0,0,20][-0.54,-0.55,0][0,0,338.5];2 3 medium ext;[-0.70,-1.75,1.66];[356.7,-0.0,324.1];20;3;8.47;38.9;1;2.17;0;31.4669;3.45487;None;
actor 2;;;[-0.45,0.6,0][0,0,200][0.52,0.65,0][0,0,158][0.45,-0.6,0][0,0,20][-0.54,-0.55,0][0,0,338.5];2 3 medium ext b;[1.31,-1.75,1.65];[357.2,-0.0,25.1];20;3;8.47;38.9;1;2.17;0;31.4669;3.45487;None;
actor 2;;;[-0.45,0.6,0][0,0,200][0.52,0.65,0][0,0,158][0.45,-0.6,0][0,0,20][-0.54,-0.55,0][0,0,338.5];2 3 semicloseup ext;[-0.22,-1.35,1.69];[358.0,-0.0,333.1];19;3;5;8.2;1;1.6;0;31.4669;3.45487;None;
actor 2;;;[-0.45,0.6,0][0,0,200][0.52,0.65,0][0,0,158][0.45,-0.6,0][0,0,20][-0.54,-0.55,0][0,0,338.5];2 3 semicloseup ext b;[0.91,-1.29,1.71];[357.5,-0.0,15.9];19;3;5;8.2;1;1.6;0;31.4669;3.45487;Semicloseup;
actor 2;;;[-0.45,0.6,0][0,0,200][0.52,0.65,0][0,0,158][0.45,-0.6,0][0,0,20][-0.54,-0.55,0][0,0,338.5];2 3 supercloseup int;[-0.11,-0.74,1.75];[360.0,-0.0,332.9];10;3;5;8.2;1;1.3;0;31.4669;3.45487;None;
actor 2;;;[-0.45,0.6,0][0,0,200][0.52,0.65,0][0,0,158][0.45,-0.6,0][0,0,20][-0.54,-0.55,0][0,0,338.5];2 3 supercloseup int b;[0.84,-0.73,1.75];[359.5,-0.0,15.4];10;3;5;8.2;1;1.3;0;31.4669;3.45487;Supercloseup;
actor 2;;;[-0.45,0.6,0][0,0,200][0.52,0.65,0][0,0,158][0.45,-0.6,0][0,0,20][-0.54,-0.55,0][0,0,338.5];2 3 wide ext;[-0.65,-1.76,1.63];[355.2,-0.0,328.6];25;3;5;8.2;1;2.3;0;31.4669;3.45487;None;
actor 2;;;[-0.45,0.6,0][0,0,200][0.52,0.65,0][0,0,158][0.45,-0.6,0][0,0,20][-0.54,-0.55,0][0,0,338.5];2 3 wide ext b;[1.54,-1.64,1.62];[355.5,-0.0,31.6];25;3;5;8.2;1;2.3;0;31.4669;3.45487;None;
actor 2;;;[-0.45,0.6,0][0,0,200][0.52,0.65,0][0,0,158][0.45,-0.6,0][0,0,20][-0.54,-0.55,0][0,0,338.5];2 4 closeup ext;[-1.94,-1.15,1.73];[358.8,-0.0,303.0];10;3;5;8.2;1;2.3;0;31.4669;3.45487;None;
actor 2;;;[-0.45,0.6,0][0,0,200][0.52,0.65,0][0,0,158][0.45,-0.6,0][0,0,20][-0.54,-0.55,0][0,0,338.5];2 4 closeup ext b;[-1.08,-1.93,1.73];[359.0,-0.0,330.2];10;3;5;8.2;1;2.3;0;31.4669;3.45487;Closeup;
actor 2;;;[-0.45,0.6,0][0,0,200][0.52,0.65,0][0,0,158][0.45,-0.6,0][0,0,20][-0.54,-0.55,0][0,0,338.5];2 4 closeup int;[-1.08,-0.41,1.71];[359.3,-0.0,301.2];14;3;5;8.2;1;1;0;31.4669;3.45487;None;
actor 2;;;[-0.45,0.6,0][0,0,200][0.52,0.65,0][0,0,158][0.45,-0.6,0][0,0,20][-0.54,-0.55,0][0,0,338.5];2 4 medium ext;[-1.78,-0.80,1.67];[356.5,-0.0,295.4];20;3;8.47;38.9;1;2.17;0;31.4669;3.45487;None;
actor 2;;;[-0.45,0.6,0][0,0,200][0.52,0.65,0][0,0,158][0.45,-0.6,0][0,0,20][-0.54,-0.55,0][0,0,338.5];2 4 medium ext b;[-0.63,-1.66,1.66];[357.0,-0.0,339.6];20;3;8.47;38.9;1;2.17;0;31.4669;3.45487;None;
actor 2;;;[-0.45,0.6,0][0,0,200][0.52,0.65,0][0,0,158][0.45,-0.6,0][0,0,20][-0.54,-0.55,0][0,0,338.5];2 4 semicloseup ext;[-1.35,-0.79,1.71];[357.0,-0.0,301.1];19;3;5;8.2;1;1.6;0;31.4669;3.45487;None;
actor 2;;;[-0.45,0.6,0][0,0,200][0.52,0.65,0][0,0,158][0.45,-0.6,0][0,0,20][-0.54,-0.55,0][0,0,338.5];2 4 semicloseup ext b;[-0.62,-1.37,1.71];[357.0,-0.0,335.9];19;3;5;8.2;1;1.6;0;31.4669;3.45487;Semicloseup;
actor 2;;;[-0.45,0.6,0][0,0,200][0.52,0.65,0][0,0,158][0.45,-0.6,0][0,0,20][-0.54,-0.55,0][0,0,338.5];2 4 supercloseup int;[-0.88,-0.10,1.77];[358.2,-0.0,295.4];10;3;5;8.2;1;1.3;0;31.4669;3.45487;None;
actor 2;;;[-0.45,0.6,0][0,0,200][0.52,0.65,0][0,0,158][0.45,-0.6,0][0,0,20][-0.54,-0.55,0][0,0,338.5];2 4 supercloseup int b;[0.09,-0.78,1.76];[358.2,-0.0,344.4];10;3;5;8.2;1;1.3;0;31.4669;3.45487;Supercloseup;
actor 2;;;[-0.45,0.6,0][0,0,200][0.52,0.65,0][0,0,158][0.45,-0.6,0][0,0,20][-0.54,-0.55,0][0,0,338.5];2 4 wide ext;[-1.95,-0.84,1.60];[355.2,-0.0,292.4];25;3;8.52;38.9;1;2.25;0;31.4669;3.45487;None;
actor 2;;;[-0.45,0.6,0][0,0,200][0.52,0.65,0][0,0,158][0.45,-0.6,0][0,0,20][-0.54,-0.55,0][0,0,338.5];2 4 wide ext b;[-0.55,-1.96,1.58];[356.2,-0.0,344.4];25;3;8.52;38.9;1;2.25;0;31.4669;3.45487;None;
actor 2;;;[-0.45,0.6,0][0,0,200][0.52,0.65,0][0,0,158][0.45,-0.6,0][0,0,20][-0.54,-0.55,0][0,0,338.5];2 closeup zero;[-0.53,-1.44,1.71];[358.0,-0.0,333.0];14;3;5;8.2;1;1;0;31.4669;3.45487;None;
actor 2;;;[-0.45,0.6,0][0,0,200][0.52,0.65,0][0,0,158][0.45,-0.6,0][0,0,20][-0.54,-0.55,0][0,0,338.5];2 semicloseup zero;[-0.22,-0.87,1.72];[359.5,-0.0,334.0];14;3;5;8.2;1;1;0;31.4669;3.45487;None;
actor 2;;;[-0.45,0.6,0][0,0,200][0.52,0.65,0][0,0,158][0.45,-0.6,0][0,0,20][-0.54,-0.55,0][0,0,338.5];2 supercloseup zero;[-0.02,-0.65,1.76];[358.8,-0.0,337.0];12;3;5;8.2;1;1;0;31.4669;3.45487;None;
actor 3;;;[-0.45,0.6,0][0,0,200][0.52,0.65,0][0,0,158][0.45,-0.6,0][0,0,20][-0.54,-0.55,0][0,0,338.5];3 1 closeup ext;[-1.97,1.36,1.72];[358.8,-0.0,233.0];10;3;5;8.2;1;2.3;0;31.4669;3.45487;None;
actor 3;;;[-0.45,0.6,0][0,0,200][0.52,0.65,0][0,0,158][0.45,-0.6,0][0,0,20][-0.54,-0.55,0][0,0,338.5];3 1 closeup int;[-0.94,0.41,1.72];[359.5,-0.0,236.0];14;3;5;8.2;1;1;0;31.4669;3.45487;None;
actor 3;;;[-0.45,0.6,0][0,0,200][0.52,0.65,0][0,0,158][0.45,-0.6,0][0,0,20][-0.54,-0.55,0][0,0,338.5];3 1 medium ext;[-1.71,0.93,1.67];[356.2,-0.0,241.6];20;3;8.47;38.9;1;2.17;0;31.4669;3.45487;None;
actor 3;;;[-0.45,0.6,0][0,0,200][0.52,0.65,0][0,0,158][0.45,-0.6,0][0,0,20][-0.54,-0.55,0][0,0,338.5];3 1 medium ext b;[-0.41,1.87,1.62];[357.2,-0.0,192.4];20;3;8.47;38.9;1;2.17;0;31.4669;3.45487;None;
actor 3;;;[-0.45,0.6,0][0,0,200][0.52,0.65,0][0,0,158][0.45,-0.6,0][0,0,20][-0.54,-0.55,0][0,0,338.5];3 1 semicloseup ext;[-1.27,0.91,1.71];[357.3,-0.0,233.6];17;3;5;8.2;1;1.6;0;31.4669;3.45487;None;
actor 3;;;[-0.45,0.6,0][0,0,200][0.52,0.65,0][0,0,158][0.45,-0.6,0][0,0,20][-0.54,-0.55,0][0,0,338.5];3 1 supercloseup int;[-0.79,0.44,1.74];[359.5,-0.0,232.1];10;3;5;8.2;1;1.3;0;31.4669;3.45487;None;
actor 3;;;[-0.45,0.6,0][0,0,200][0.52,0.65,0][0,0,158][0.45,-0.6,0][0,0,20][-0.54,-0.55,0][0,0,338.5];3 1 wide ext;[-1.83,0.92,1.62];[355.7,-0.0,240.1];25;3;8.52;38.9;1;2.25;0;31.4669;3.45487;None;
actor 3;;;[-0.45,0.6,0][0,0,200][0.52,0.65,0][0,0,158][0.45,-0.6,0][0,0,20][-0.54,-0.55,0][0,0,338.5];3 1 wide ext b;[-0.29,1.86,1.62];[356.0,-0.0,191.9];25;3;8.52;38.9;1;2.25;0;31.4669;3.45487;None;
actor 3;;;[-0.45,0.6,0][0,0,200][0.52,0.65,0][0,0,158][0.45,-0.6,0][0,0,20][-0.54,-0.55,0][0,0,338.5];3 2 closeup ext;[-0.12,2.31,1.72];[358.8,-0.0,194.2];10;3;5;8.2;1;2.3;0;31.4669;3.45487;None;
actor 3;;;[-0.45,0.6,0][0,0,200][0.52,0.65,0][0,0,158][0.45,-0.6,0][0,0,20][-0.54,-0.55,0][0,0,338.5];3 2 closeup int;[-0.19,1.00,1.72];[359.0,-0.0,204.2];14;3;5;8.2;1;1;0;31.4669;3.45487;None;
actor 3;;;[-0.45,0.6,0][0,0,200][0.52,0.65,0][0,0,158][0.45,-0.6,0][0,0,20][-0.54,-0.55,0][0,0,338.5];3 2 medium ext;[-0.32,1.84,1.67];[356.5,-0.0,202.9];20;3;8.47;38.9;1;2.17;0;31.4669;3.45487;None;
actor 3;;;[-0.45,0.6,0][0,0,200][0.52,0.65,0][0,0,158][0.45,-0.6,0][0,0,20][-0.54,-0.55,0][0,0,338.5];3 2 medium ext b;[1.53,1.57,1.69];[356.1,-0.0,147.1];20;3;8.47;38.9;1;2.17;0;31.4669;3.45487;None;
actor 3;;;[-0.45,0.6,0][0,0,200][0.52,0.65,0][0,0,158][0.45,-0.6,0][0,0,20][-0.54,-0.55,0][0,0,338.5];3 2 semicloseup ext;[-0.18,1.79,1.71];[356.8,-0.0,199.6];17;3;5;8.2;1;1.6;0;31.4669;3.45487;None;
actor 3;;;[-0.45,0.6,0][0,0,200][0.52,0.65,0][0,0,158][0.45,-0.6,0][0,0,20][-0.54,-0.55,0][0,0,338.5];3 2 supercloseup int;[-0.02,0.97,1.74];[359.0,-0.0,198.9];10;3;5;8.2;1;1.3;0;31.4669;3.45487;None;
actor 3;;;[-0.45,0.6,0][0,0,200][0.52,0.65,0][0,0,158][0.45,-0.6,0][0,0,20][-0.54,-0.55,0][0,0,338.5];3 2 wide ext b;[1.86,1.48,1.65];[355.2,-0.0,138.1];25;3;5;8.2;1;2.3;0;31.4669;3.45487;None;
actor 3;;;[-0.45,0.6,0][0,0,200][0.52,0.65,0][0,0,158][0.45,-0.6,0][0,0,20][-0.54,-0.55,0][0,0,338.5];3 2 wide ext c;[-0.51,1.78,1.65];[355.2,-0.0,210.9];25;3;5;8.2;1;2.3;0;31.4669;3.45487;None;
actor 3;;;[-0.45,0.6,0][0,0,200][0.52,0.65,0][0,0,158][0.45,-0.6,0][0,0,20][-0.54,-0.55,0][0,0,338.5];3 4 closeup ext;[-2.19,0.66,1.72];[359.0,-0.0,241.0];10;3;5;8.2;1;2.3;0;31.4669;3.45487;None;
actor 3;;;[-0.45,0.6,0][0,0,200][0.52,0.65,0][0,0,158][0.45,-0.6,0][0,0,20][-0.54,-0.55,0][0,0,338.5];3 4 closeup int;[-1.01,0.26,1.72];[359.3,-0.0,236.2];14;3;5;8.2;1;1;0;31.4669;3.45487;None;
actor 3;;;[-0.45,0.6,0][0,0,200][0.52,0.65,0][0,0,158][0.45,-0.6,0][0,0,20][-0.54,-0.55,0][0,0,338.5];3 4 medium ext;[-1.57,0.88,1.66];[356.7,-0.0,227.1];20;3;8.47;38.9;1;2.17;0;31.4669;3.45487;None;
actor 3;;;[-0.45,0.6,0][0,0,200][0.52,0.65,0][0,0,158][0.45,-0.6,0][0,0,20][-0.54,-0.55,0][0,0,338.5];3 4 medium ext b;[-1.57,-1.90,1.67];[356.5,-0.0,311.4];20;3;8.47;38.9;1;2.17;0;31.4669;3.45487;None;
actor 3;;;[-0.45,0.6,0][0,0,200][0.52,0.65,0][0,0,158][0.45,-0.6,0][0,0,20][-0.54,-0.55,0][0,0,338.5];3 4 semicloseup ext;[-1.62,0.60,1.70];[357.3,-0.0,233.6];17;3;5;8.2;1;1.6;0;31.4669;3.45487;None;
actor 3;;;[-0.45,0.6,0][0,0,200][0.52,0.65,0][0,0,158][0.45,-0.6,0][0,0,20][-0.54,-0.55,0][0,0,338.5];3 4 supercloseup int;[-0.92,0.24,1.77];[358.5,-0.0,235.1];10;3;5;8.2;1;1.3;0;31.4669;3.45487;None;
actor 3;;;[-0.45,0.6,0][0,0,200][0.52,0.65,0][0,0,158][0.45,-0.6,0][0,0,20][-0.54,-0.55,0][0,0,338.5];3 4 wide ext;[-1.64,1.01,1.60];[355.7,-0.0,227.9];25;3;5;8.2;1;2.3;0;31.4669;3.45487;None;
actor 3;;;[-0.45,0.6,0][0,0,200][0.52,0.65,0][0,0,158][0.45,-0.6,0][0,0,20][-0.54,-0.55,0][0,0,338.5];3 4 wide ext b;[-1.29,-2.33,1.64];[355.6,-0.0,326.9];25;3;5;8.2;1;2.3;0;31.4669;3.45487;None;
actor 3;;;[-0.45,0.6,0][0,0,200][0.52,0.65,0][0,0,158][0.45,-0.6,0][0,0,20][-0.54,-0.55,0][0,0,338.5];3 closeup zero;[-0.13,0.93,1.71];[0.0,-0.0,200.5];14;3;5;8.2;1;1;0;31.4669;3.45487;None;
actor 3;;;[-0.45,0.6,0][0,0,200][0.52,0.65,0][0,0,158][0.45,-0.6,0][0,0,20][-0.54,-0.55,0][0,0,338.5];3 semicloseup zero;[-0.14,0.98,1.67];[358.5,-0.0,199.7];19;3;5;8.2;1;1;0;31.4669;3.45487;None;
actor 3;;;[-0.45,0.6,0][0,0,200][0.52,0.65,0][0,0,158][0.45,-0.6,0][0,0,20][-0.54,-0.55,0][0,0,338.5];3 supercloseup zero;[0.02,0.48,1.73];[0.0,-0.0,201.2];12;3;5;8.2;1;1;0;31.4669;3.45487;None;
actor 4;;;[-0.45,0.6,0][0,0,200][0.52,0.65,0][0,0,158][0.45,-0.6,0][0,0,20][-0.54,-0.55,0][0,0,338.5];4 1 closeup ext;[-1.48,2.25,1.75];[358.8,-0.0,201.7];10;3;5;8.2;1;2.3;0;31.4669;3.45487;None;
actor 4;;;[-0.45,0.6,0][0,0,200][0.52,0.65,0][0,0,158][0.45,-0.6,0][0,0,20][-0.54,-0.55,0][0,0,338.5];4 1 closeup ext b;[0.70,2.20,1.72];[358.8,-0.0,152.7];10;3;5;8.2;1;2.3;0;31.4669;3.45487;Closeup;
actor 4;;;[-0.45,0.6,0][0,0,200][0.52,0.65,0][0,0,158][0.45,-0.6,0][0,0,20][-0.54,-0.55,0][0,0,338.5];4 1 closeup int;[-1.12,1.20,1.72];[359.3,-0.0,199.7];14;3;5;8.25;1;0.46;0;31.4669;3.45487;None;
actor 4;;;[-0.45,0.6,0][0,0,200][0.52,0.65,0][0,0,158][0.45,-0.6,0][0,0,20][-0.54,-0.55,0][0,0,338.5];4 1 closeup int b;[0.20,0.78,1.70];[359.5,-0.0,147.7];14;3;5;8.25;1;0.46;0;31.4669;3.45487;Closeup;
actor 4;;;[-0.45,0.6,0][0,0,200][0.52,0.65,0][0,0,158][0.45,-0.6,0][0,0,20][-0.54,-0.55,0][0,0,338.5];4 1 medium ext;[-1.64,1.88,1.67];[357.0,-0.0,210.4];20;3;8.47;38.9;1;2.17;0;31.4669;3.45487;None;
actor 4;;;[-0.45,0.6,0][0,0,200][0.52,0.65,0][0,0,158][0.45,-0.6,0][0,0,20][-0.54,-0.55,0][0,0,338.5];4 1 medium ext b;[0.74,1.93,1.64];[357.2,-0.0,148.9];20;3;8.47;38.9;1;2.17;0;31.4669;3.45487;None;
actor 4;;;[-0.45,0.6,0][0,0,200][0.52,0.65,0][0,0,158][0.45,-0.6,0][0,0,20][-0.54,-0.55,0][0,0,338.5];4 1 semicloseup ext;[-1.50,1.88,1.73];[357.0,-0.0,206.9];17;3;5;8.2;1;1.6;0;31.4669;3.45487;None;
actor 4;;;[-0.45,0.6,0][0,0,200][0.52,0.65,0][0,0,158][0.45,-0.6,0][0,0,20][-0.54,-0.55,0][0,0,338.5];4 1 semicloseup ext b;[0.34,1.56,1.72];[357.5,-0.0,151.4];17;3;5;8.2;1;1.6;0;31.4669;3.45487;Semicloseup;
actor 4;;;[-0.45,0.6,0][0,0,200][0.52,0.65,0][0,0,158][0.45,-0.6,0][0,0,20][-0.54,-0.55,0][0,0,338.5];4 1 supercloseup int;[-1.26,1.10,1.74];[359.2,-0.0,205.4];10;3;5;8.2;1;1.3;0;31.4669;3.45487;None;
actor 4;;;[-0.45,0.6,0][0,0,200][0.52,0.65,0][0,0,158][0.45,-0.6,0][0,0,20][-0.54,-0.55,0][0,0,338.5];4 1 supercloseup int b;[0.36,1.04,1.75];[359.0,-0.0,148.4];10;3;5;8.2;1;1.3;0;31.4669;3.45487;Supercloseup;
actor 4;;;[-0.45,0.6,0][0,0,200][0.52,0.65,0][0,0,158][0.45,-0.6,0][0,0,20][-0.54,-0.55,0][0,0,338.5];4 1 wide ext;[-2.27,1.85,1.67];[354.7,-0.0,228.1];25;3;5;8.2;1;2.3;0;31.4669;3.45487;None;
actor 4;;;[-0.45,0.6,0][0,0,200][0.52,0.65,0][0,0,158][0.45,-0.6,0][0,0,20][-0.54,-0.55,0][0,0,338.5];4 1 wide ext b;[0.75,1.94,1.61];[356.0,-0.0,148.4];24.25;3;5;8.2;1;2.3;0;31.4669;3.45487;None;
actor 4;;;[-0.45,0.6,0][0,0,200][0.52,0.65,0][0,0,158][0.45,-0.6,0][0,0,20][-0.54,-0.55,0][0,0,338.5];4 2 closeup ext;[1.05,2.14,1.77];[358.3,-0.0,152.5];10;3;5;8.2;1;2.3;0;31.4669;3.45487;None;
actor 4;;;[-0.45,0.6,0][0,0,200][0.52,0.65,0][0,0,158][0.45,-0.6,0][0,0,20][-0.54,-0.55,0][0,0,338.5];4 2 closeup ext b;[1.97,1.41,1.73];[358.8,-0.0,125.6];10;3;5;8.2;1;2.3;0;31.4669;3.45487;Closeup;
actor 4;;;[-0.45,0.6,0][0,0,200][0.52,0.65,0][0,0,158][0.45,-0.6,0][0,0,20][-0.54,-0.55,0][0,0,338.5];4 2 closeup int;[0.10,1.08,1.71];[359.3,-0.0,160.5];14;3;5;8.2;1;0.5;0;31.4669;3.45487;None;
actor 4;;;[-0.45,0.6,0][0,0,200][0.52,0.65,0][0,0,158][0.45,-0.6,0][0,0,20][-0.54,-0.55,0][0,0,338.5];4 2 closeup int b;[0.95,0.31,1.71];[359.0,-0.0,118.5];14;3;5;8.2;1;0.5;0;31.4669;3.45487;Closeup;
actor 4;;;[-0.45,0.6,0][0,0,200][0.52,0.65,0][0,0,158][0.45,-0.6,0][0,0,20][-0.54,-0.55,0][0,0,338.5];4 2 medium ext;[0.64,2.09,1.65];[357.2,-0.0,163.6];20;3;8.47;38.9;1;2.17;0;31.4669;3.45487;None;
actor 4;;;[-0.45,0.6,0][0,0,200][0.52,0.65,0][0,0,158][0.45,-0.6,0][0,0,20][-0.54,-0.55,0][0,0,338.5];4 2 medium ext b;[1.75,0.93,1.64];[357.5,-0.0,116.4];20;3;8.47;38.9;1;2.17;0;31.4669;3.45487;None;
actor 4;;;[-0.45,0.6,0][0,0,200][0.52,0.65,0][0,0,158][0.45,-0.6,0][0,0,20][-0.54,-0.55,0][0,0,338.5];4 2 semicloseup ext;[0.73,1.58,1.73];[357.3,-0.0,154.9];17;3;5;8.2;1;1.6;0;31.4669;3.45487;None;
actor 4;;;[-0.45,0.6,0][0,0,200][0.52,0.65,0][0,0,158][0.45,-0.6,0][0,0,20][-0.54,-0.55,0][0,0,338.5];4 2 semicloseup ext b;[1.49,0.95,1.73];[357.0,-0.0,120.9];17;3;5;8.2;1;1.6;0;31.4669;3.45487;Semicloseup;
actor 4;;;[-0.45,0.6,0][0,0,200][0.52,0.65,0][0,0,158][0.45,-0.6,0][0,0,20][-0.54,-0.55,0][0,0,338.5];4 2 supercloseup int;[0.11,0.90,1.73];[360.0,-0.0,158.9];10;3;5;8.2;1;1.3;0;31.4669;3.45487;None;
actor 4;;;[-0.45,0.6,0][0,0,200][0.52,0.65,0][0,0,158][0.45,-0.6,0][0,0,20][-0.54,-0.55,0][0,0,338.5];4 2 supercloseup int b;[0.85,0.45,1.72];[359.5,-0.0,123.8];10;3;5;8.2;1;1.3;0;31.4669;3.45487;Supercloseup;
actor 4;;;[-0.45,0.6,0][0,0,200][0.52,0.65,0][0,0,158][0.45,-0.6,0][0,0,20][-0.54,-0.55,0][0,0,338.5];4 2 wide ext;[0.54,2.13,1.62];[355.7,-0.0,165.9];25;3;5;8.2;1;2.3;0;31.4669;3.45487;None;
actor 4;;;[-0.45,0.6,0][0,0,200][0.52,0.65,0][0,0,158][0.45,-0.6,0][0,0,20][-0.54,-0.55,0][0,0,338.5];4 2 wide ext b;[1.78,0.81,1.61];[356.2,-0.0,113.9];25;3;5;8.2;1;2.3;0;31.4669;3.45487;None;
actor 4;;;[-0.45,0.6,0][0,0,200][0.52,0.65,0][0,0,158][0.45,-0.6,0][0,0,20][-0.54,-0.55,0][0,0,338.5];4 3 closeup ext;[2.03,-0.02,1.75];[358.3,-0.0,104.7];10;3;5;8.2;1;2.3;0;31.4669;3.45487;None;
actor 4;;;[-0.45,0.6,0][0,0,200][0.52,0.65,0][0,0,158][0.45,-0.6,0][0,0,20][-0.54,-0.55,0][0,0,338.5];4 3 closeup ext b;[1.75,-1.47,1.75];[357.8,-0.0,65.7];10;3;5;8.2;1;2.3;0;31.4669;3.45487;Closeup;
actor 4;;;[-0.45,0.6,0][0,0,200][0.52,0.65,0][0,0,158][0.45,-0.6,0][0,0,20][-0.54,-0.55,0][0,0,338.5];4 3 closeup int;[0.84,-0.19,1.73];[359.3,-0.0,107.2];14;3;5;8.2;1;0.5;0;31.4669;3.45487;None;
actor 4;;;[-0.45,0.6,0][0,0,200][0.52,0.65,0][0,0,158][0.45,-0.6,0][0,0,20][-0.54,-0.55,0][0,0,338.5];4 3 medium ext;[1.75,0.71,1.64];[357.7,-0.0,125.4];20;3;8.47;38.9;1;2.17;0;31.4669;3.45487;None;
actor 4;;;[-0.45,0.6,0][0,0,200][0.52,0.65,0][0,0,158][0.45,-0.6,0][0,0,20][-0.54,-0.55,0][0,0,338.5];4 3 medium ext b;[1.85,-1.56,1.68];[356.7,-0.0,59.4];20;3;8.47;38.9;1;2.17;0;31.4669;3.45487;None;
actor 4;;;[-0.45,0.6,0][0,0,200][0.52,0.65,0][0,0,158][0.45,-0.6,0][0,0,20][-0.54,-0.55,0][0,0,338.5];4 3 semicloseup ext;[1.55,0.11,1.72];[357.8,-0.0,113.6];17;3;5;8.2;1;1.6;0;31.4669;3.45487;None;
actor 4;;;[-0.45,0.6,0][0,0,200][0.52,0.65,0][0,0,158][0.45,-0.6,0][0,0,20][-0.54,-0.55,0][0,0,338.5];4 3 semicloseup ext b;[1.35,-1.47,1.71];[357.8,-0.0,59.1];17;3;5;8.2;1;1.6;0;31.4669;3.45487;Semicloseup;
actor 4;;;[-0.45,0.6,0][0,0,200][0.52,0.65,0][0,0,158][0.45,-0.6,0][0,0,20][-0.54,-0.55,0][0,0,338.5];4 3 supercloseup int;[0.83,0.19,1.72];[0.2,-0.0,121.4];10;3;5;8.2;1;1.3;0;31.4669;3.45487;None;
actor 4;;;[-0.45,0.6,0][0,0,200][0.52,0.65,0][0,0,158][0.45,-0.6,0][0,0,20][-0.54,-0.55,0][0,0,338.5];4 3 supercloseup int b;[0.97,-1.09,1.74];[359.4,-0.0,68.1];10;3;5;8.2;1;1.3;0;31.4669;3.45487;Supercloseup;
actor 4;;;[-0.45,0.6,0][0,0,200][0.52,0.65,0][0,0,158][0.45,-0.6,0][0,0,20][-0.54,-0.55,0][0,0,338.5];4 3 wide ext;[1.65,0.83,1.62];[355.5,-0.0,126.4];25;3;5;8.2;1;2.3;0;31.4669;3.45487;None;
actor 4;;;[-0.45,0.6,0][0,0,200][0.52,0.65,0][0,0,158][0.45,-0.6,0][0,0,20][-0.54,-0.55,0][0,0,338.5];4 3 wide ext b;[1.66,-2.00,1.59];[356.0,-0.0,45.9];25;3;5;8.2;1;2.3;0;31.4669;3.45487;None;
actor 4;;;[-0.45,0.6,0][0,0,200][0.52,0.65,0][0,0,158][0.45,-0.6,0][0,0,20][-0.54,-0.55,0][0,0,338.5];4 closeup zero;[0.31,1.24,1.71];[359.5,-0.0,154.6];14;3;5;8.2;1;0.5;0;31.4669;3.45487;None;
actor 4;;;[-0.45,0.6,0][0,0,200][0.52,0.65,0][0,0,158][0.45,-0.6,0][0,0,20][-0.54,-0.55,0][0,0,338.5];4 semicloseup zero;[0.23,1.06,1.71];[359.0,-0.0,154.3];16.9;3;5;8.2;1;0.5;0;31.4669;3.45487;None;
actor 4;;;[-0.45,0.6,0][0,0,200][0.52,0.65,0][0,0,158][0.45,-0.6,0][0,0,20][-0.54,-0.55,0][0,0,338.5];4 supercloseup zero;[0.09,0.80,1.72];[359.8,-0.0,154.8];12.4;3;5;8.2;1;0.5;0;31.4669;3.45487;None;
actor 1;;;[-0.5,-0.31,0][0,0,330][0.33,-0.4,0][0,0,15.6][0,0.6,0][0,0,179.4];1 2 closeup ext;[1.53,0.16,1.76];[358.0,-0.0,106.8];13;3;2.5;5;1;1.65;0;11.604966;0.564891;Closeup;
actor 1;;;[-0.5,-0.31,0][0,0,330][0.33,-0.4,0][0,0,15.6][0,0.6,0][0,0,179.4];1 2 closeup ext B;[1.22,-1.42,1.85];[355.4,-0.0,53.8];13;3;2.5;5;1;1.44;0;11.604966;0.564891;Closeup;
actor 1;;;[-0.5,-0.31,0][0,0,330][0.33,-0.4,0][0,0,15.6][0,0.6,0][0,0,179.4];1 2 closeup int;[1.10,0.48,1.75];[358.0,-0.0,119.3];14.6;3;2.5;5;1;0;0;11.604966;0.564891;Closeup;
actor 1;;;[-0.5,-0.31,0][0,0,330][0.33,-0.4,0][0,0,15.6][0,0.6,0][0,0,179.4];1 2 medium ext;[1.97,0.74,1.75];[355.3,-0.0,113.9];20;3;2.5;5;1;2.45;0;28.249542;1.2700729;Medium;
actor 1;;;[-0.5,-0.31,0][0,0,330][0.33,-0.4,0][0,0,15.6][0,0.6,0][0,0,179.4];1 2 semicloseup ext;[1.75,0.66,1.72];[357.4,-0.0,118.6];16;3;2.5;5;1;1.85;0;11.604966;0.564891;Semicloseup;
actor 1;;;[-0.5,-0.31,0][0,0,330][0.33,-0.4,0][0,0,15.6][0,0.6,0][0,0,179.4];1 2 semicloseup ext B;[1.25,-1.73,1.81];[355.3,-0.0,45.8];16;3;2.5;5;1;1.8;0;11.604966;0.564891;Semicloseup;
actor 1;;;[-0.5,-0.31,0][0,0,330][0.33,-0.4,0][0,0,15.6][0,0.6,0][0,0,179.4];1 2 supercloseup int;[0.94,0.30,1.75];[359.5,-0.0,114.6];10;3;2.5;5;1;0;0;11.604966;0.564891;Supercloseup;
actor 1;;;[-0.5,-0.31,0][0,0,330][0.33,-0.4,0][0,0,15.6][0,0.6,0][0,0,179.4];1 2 wide ext;[1.59,1.56,1.63];[355.5,-0.0,135.5];25;3;1.74;10;1;1.85;0;19.93699;0.998361;Wide;
actor 1;;;[-0.5,-0.31,0][0,0,330][0.33,-0.4,0][0,0,15.6][0,0.6,0][0,0,179.4];1 2 wide ext B;[1.66,-2.21,1.69];[354.0,-0.0,39.9];25;3;2.5;5;1;2.5;0;19.93699;0.998361;Wide;
actor 1;;;[-0.5,-0.31,0][0,0,330][0.33,-0.4,0][0,0,15.6][0,0.6,0][0,0,179.4];1 3 closeup ext;[1.09,1.15,1.75];[358.3,-0.0,128.2];13;3;2.5;5;1;1.8;0;11.604966;0.564891;Closeup;
actor 1;;;[-0.5,-0.31,0][0,0,330][0.33,-0.4,0][0,0,15.6][0,0.6,0][0,0,179.4];1 3 closeup int;[0.97,0.72,1.80];[357.0,-0.0,121.6];13;3;2.5;5;1;0;0;11.604966;0.564891;Closeup;
actor 1;;;[-0.5,-0.31,0][0,0,330][0.33,-0.4,0][0,0,15.6][0,0.6,0][0,0,179.4];1 3 medium ext;[1.67,0.94,1.75];[355.3,-0.0,113.9];20;3;2.5;5;1;2.23;0;28.249542;1.2700729;Medium;
actor 1;;;[-0.5,-0.31,0][0,0,330][0.33,-0.4,0][0,0,15.6][0,0.6,0][0,0,179.4];1 3 semicloseup ext;[1.05,0.88,1.74];[355.9,-0.0,121.2];20;3;2.5;5;1;1.8;0;11.604966;0.564891;Semicloseup;
actor 1;;;[-0.5,-0.31,0][0,0,330][0.33,-0.4,0][0,0,15.6][0,0.6,0][0,0,179.4];1 3 semicloseup int;[1.05,0.59,1.71];[357.1,-0.0,116.7];20;3;2.5;5;1;0;0;11.604966;0.564891;Semicloseup;
actor 1;;;[-0.5,-0.31,0][0,0,330][0.33,-0.4,0][0,0,15.6][0,0.6,0][0,0,179.4];1 3 supercloseup int;[1.00,0.67,1.78];[358.1,-0.0,120.6];10;3;2.5;5;1;0;0;11.604966;0.564891;Supercloseup;
actor 1;;;[-0.5,-0.31,0][0,0,330][0.33,-0.4,0][0,0,15.6][0,0.6,0][0,0,179.4];1 3 wide ext;[1.88,1.00,1.70];[354.7,-0.0,117.0];25;3;2.5;5;1;1;0;19.93699;0.998361;Wide;
actor 1;;;[-0.5,-0.31,0][0,0,330][0.33,-0.4,0][0,0,15.6][0,0.6,0][0,0,179.4];1 closeup zero;[0.11,0.73,1.76];[358.3,-0.0,148.5];13;3;1.96;10;1;0.6;0;11.604966;0.564891;Closeup;
actor 2;;;[-0.5,-0.31,0][0,0,330][0.33,-0.4,0][0,0,15.6][0,0.6,0][0,0,179.4];2 1 closeup ext;[-1.59,0.91,1.76];[357.9,-0.0,231.4];13;3;2.5;5;1;1.85;0;11.604966;0.564891;Closeup;
actor 2;;;[-0.5,-0.31,0][0,0,330][0.33,-0.4,0][0,0,15.6][0,0.6,0][0,0,179.4];2 1 closeup ext B;[-1.75,-1.06,1.75];[358.0,-0.0,292.1];13;3;2.5;5;1;1.9;0;11.604966;0.564891;Closeup;
actor 2;;;[-0.5,-0.31,0][0,0,330][0.33,-0.4,0][0,0,15.6][0,0.6,0][0,0,179.4];2 1 closeup int;[-1.11,0.54,1.77];[358.5,-0.0,234.8];13;3;2.5;5;1;0;0;11.604966;0.564891;Closeup;
actor 2;;;[-0.5,-0.31,0][0,0,330][0.33,-0.4,0][0,0,15.6][0,0.6,0][0,0,179.4];2 1 medium ext;[-1.52,1.15,1.74];[355.8,-0.0,223.7];20;3;2.5;5;1;2;0;28.249542;1.2700729;Medium;
actor 2;;;[-0.5,-0.31,0][0,0,330][0.33,-0.4,0][0,0,15.6][0,0.6,0][0,0,179.4];2 1 semicloseup ext;[-1.25,0.63,1.75];[356.2,-0.0,230.4];20;3;2.5;5;1;1.4;0;11.604966;0.564891;Semicloseup;
actor 2;;;[-0.5,-0.31,0][0,0,330][0.33,-0.4,0][0,0,15.6][0,0.6,0][0,0,179.4];2 1 semicloseup ext B;[-1.41,-1.37,1.78];[355.3,-0.0,307.3];20;3;2.5;5;1;1.5;0;11.604966;0.564891;Semicloseup;
actor 2;;;[-0.5,-0.31,0][0,0,330][0.33,-0.4,0][0,0,15.6][0,0.6,0][0,0,179.4];2 1 supercloseup int;[-1.02,0.65,1.77];[358.3,-0.0,230.4];10;3;2.5;5;1;0;0;11.604966;0.564891;Supercloseup;
actor 2;;;[-0.5,-0.31,0][0,0,330][0.33,-0.4,0][0,0,15.6][0,0.6,0][0,0,179.4];2 1 wide ext;[-1.75,1.69,1.63];[355.8,-0.0,224.1];25;3;2.5;5;1;1;0;19.93699;0.998361;Wide;
actor 2;;;[-0.5,-0.31,0][0,0,330][0.33,-0.4,0][0,0,15.6][0,0.6,0][0,0,179.4];2 3 closeup ext;[0.40,1.85,1.75];[358.2,-0.0,175.3];13;3;2.5;5;1;2.03;0;11.604966;0.564891;Closeup;
actor 2;;;[-0.5,-0.31,0][0,0,330][0.33,-0.4,0][0,0,15.6][0,0.6,0][0,0,179.4];2 3 closeup ext B;[-1.04,1.45,1.75];[358.1,-0.0,220.5];13;3;2.5;5;1;1.8;0;11.604966;0.564891;Closeup;
actor 2;;;[-0.5,-0.31,0][0,0,330][0.33,-0.4,0][0,0,15.6][0,0.6,0][0,0,179.4];2 3 closeup int;[0.64,1.43,1.76];[358.3,-0.0,168.1];13;3;2.5;5;1;0;0;11.604966;0.564891;Closeup;
actor 2;;;[-0.5,-0.31,0][0,0,330][0.33,-0.4,0][0,0,15.6][0,0.6,0][0,0,179.4];2 3 medium ext;[0.81,2.01,1.74];[355.5,-0.0,163.0];20;3;2.5;5;1;1.85;0;28.249542;1.2700729;Medium;
actor 2;;;[-0.5,-0.31,0][0,0,330][0.33,-0.4,0][0,0,15.6][0,0.6,0][0,0,179.4];2 3 semicloseup ext;[0.47,1.41,1.73];[357.0,-0.0,169.9];20;3;2.5;5;1;1.7;0;11.604966;0.564891;Semicloseup;
actor 2;;;[-0.5,-0.31,0][0,0,330][0.33,-0.4,0][0,0,15.6][0,0.6,0][0,0,179.4];2 3 semicloseup ext B;[-0.86,0.75,1.72];[357.5,-0.0,229.6];20;3;2.5;5;1;0;0;11.604966;0.564891;Semicloseup;
actor 2;;;[-0.5,-0.31,0][0,0,330][0.33,-0.4,0][0,0,15.6][0,0.6,0][0,0,179.4];2 3 semicloseup int;[0.84,1.18,1.73];[357.3,-0.0,157.9];20;3;2.5;5;1;0;0;11.604966;0.564891;Semicloseup;
actor 2;;;[-0.5,-0.31,0][0,0,330][0.33,-0.4,0][0,0,15.6][0,0.6,0][0,0,179.4];2 3 supercloseup int;[0.53,1.15,1.75];[359.0,-0.0,170.5];10;3;2.5;5;1;0;0;11.604966;0.564891;Supercloseup;
actor 2;;;[-0.5,-0.31,0][0,0,330][0.33,-0.4,0][0,0,15.6][0,0.6,0][0,0,179.4];2 3 wide ext;[2.13,2.16,1.63];[355.4,-0.0,136.0];25;3;2.5;5;1;1.4;0;19.93699;0.998361;Wide;
actor 2;;;[-0.5,-0.31,0][0,0,330][0.33,-0.4,0][0,0,15.6][0,0.6,0][0,0,179.4];2 closeup zero;[0.09,0.62,1.71];[359.1,-0.0,192.5];17;3;1.96;10;1;0.51;0;11.604966;0.564891;Closeup;
actor 3;;;[-0.5,-0.31,0][0,0,330][0.33,-0.4,0][0,0,15.6][0,0.6,0][0,0,179.4];3 1 closeup ext;[-0.33,-1.64,1.71];[359.2,-0.0,355.2];13;3;2.5;5;1;1.4;0;11.604966;0.564891;Closeup;
actor 3;;;[-0.5,-0.31,0][0,0,330][0.33,-0.4,0][0,0,15.6][0,0.6,0][0,0,179.4];3 1 closeup ext B;[-1.60,-0.79,1.77];[357.5,-0.0,306.3];13;3;2.5;5;1;1.8;0;11.604966;0.564891;Closeup;
actor 3;;;[-0.5,-0.31,0][0,0,330][0.33,-0.4,0][0,0,15.6][0,0.6,0][0,0,179.4];3 1 closeup int;[-0.13,-1.30,1.72];[359.4,-0.0,358.1];13;3;2.5;5;1;0;0;11.604966;0.564891;Closeup;
actor 3;;;[-0.5,-0.31,0][0,0,330][0.33,-0.4,0][0,0,15.6][0,0.6,0][0,0,179.4];3 1 medium ext;[-0.08,-1.82,1.67];[357.4,-0.0,3.8];20;3;2.5;5;1;1.75;0;28.249542;1.2700729;Medium;
actor 3;;;[-0.5,-0.31,0][0,0,330][0.33,-0.4,0][0,0,15.6][0,0.6,0][0,0,179.4];3 1 semicloseup ext;[-0.23,-1.20,1.68];[358.5,-0.0,359.1];20;3;2.5;5;1;1.3;0;11.604966;0.564891;Semicloseup;
actor 3;;;[-0.5,-0.31,0][0,0,330][0.33,-0.4,0][0,0,15.6][0,0.6,0][0,0,179.4];3 1 semicloseup ext B;[-1.16,-0.29,1.76];[355.8,-0.0,304.4];20;3;2.5;5;1;0;0;11.604966;0.564891;Semicloseup;
actor 3;;;[-0.5,-0.31,0][0,0,330][0.33,-0.4,0][0,0,15.6][0,0.6,0][0,0,179.4];3 1 semicloseup int;[-0.11,-0.78,1.71];[357.4,-0.0,358.5];22.4;3;2.5;5;1;0;0;11.604966;0.564891;Semicloseup;
actor 3;;;[-0.5,-0.31,0][0,0,330][0.33,-0.4,0][0,0,15.6][0,0.6,0][0,0,179.4];3 1 supercloseup int;[-0.08,-0.88,1.72];[0.0,-0.0,358.3];10;3;2.5;5;1;0;0;11.604966;0.564891;Supercloseup;
actor 3;;;[-0.5,-0.31,0][0,0,330][0.33,-0.4,0][0,0,15.6][0,0.6,0][0,0,179.4];3 1 wide ext;[-0.11,-1.91,1.66];[355.9,-0.0,2.5];25;3;2.5;5;1;2.05;0;19.93699;0.998361;Wide;
actor 3;;;[-0.5,-0.31,0][0,0,330][0.33,-0.4,0][0,0,15.6][0,0.6,0][0,0,179.4];3 2 closeup ext;[1.29,-1.15,1.74];[358.2,-0.0,40.1];13;3;2.5;5;1;1.75;0;11.604966;0.564891;Closeup;
actor 3;;;[-0.5,-0.31,0][0,0,330][0.33,-0.4,0][0,0,15.6][0,0.6,0][0,0,179.4];3 2 closeup ext B;[-0.04,-1.57,1.71];[359.0,-0.0,354.8];13;3;2.5;5;1;1.85;0;11.604966;0.564891;Closeup;
actor 3;;;[-0.5,-0.31,0][0,0,330][0.33,-0.4,0][0,0,15.6][0,0.6,0][0,0,179.4];3 2 closeup int;[1.18,-0.78,1.76];[358.4,-0.0,41.6];13;3;2.5;5;1;0;0;11.604966;0.564891;Closeup;
actor 3;;;[-0.5,-0.31,0][0,0,330][0.33,-0.4,0][0,0,15.6][0,0.6,0][0,0,179.4];3 2 medium ext;[1.75,-1.10,1.71];[356.0,-0.0,52.3];20;3;2.5;5;1;1.67;0;28.249542;1.2700729;Medium;
actor 3;;;[-0.5,-0.31,0][0,0,330][0.33,-0.4,0][0,0,15.6][0,0.6,0][0,0,179.4];3 2 semicloseup ext;[1.30,-0.97,1.72];[356.8,-0.0,45.9];20;3;2.5;5;1;1.3;0;11.604966;0.564891;Semicloseup;
actor 3;;;[-0.5,-0.31,0][0,0,330][0.33,-0.4,0][0,0,15.6][0,0.6,0][0,0,179.4];3 2 semicloseup ext B;[-0.23,-1.37,1.71];[357.0,-0.0,349.4];20;3;2.5;5;1;1.73;0;11.604966;0.564891;Semicloseup;
actor 3;;;[-0.5,-0.31,0][0,0,330][0.33,-0.4,0][0,0,15.6][0,0.6,0][0,0,179.4];3 2 semicloseup int;[1.05,-0.56,1.74];[356.3,-0.0,45.5];20;3;2.5;5;1;0;0;11.604966;0.564891;Semicloseup;
actor 3;;;[-0.5,-0.31,0][0,0,330][0.33,-0.4,0][0,0,15.6][0,0.6,0][0,0,179.4];3 2 supercloseup int;[0.99,-0.68,1.79];[357.8,-0.0,39.8];10;3;2.5;5;1;0;0;11.604966;0.564891;Supercloseup;
actor 3;;;[-0.5,-0.31,0][0,0,330][0.33,-0.4,0][0,0,15.6][0,0.6,0][0,0,179.4];3 2 wide ext;[1.79,-1.13,1.67];[353.7,-0.0,57.5];30;3;2.5;5;1;2;0;19.93699;0.998361;Wide;
actor 3;;;[-0.5,-0.31,0][0,0,330][0.33,-0.4,0][0,0,15.6][0,0.6,0][0,0,179.4];3 2 wide ext B;[-0.46,-2.17,1.66];[355.2,-0.0,345.0];25;3;0.7;9.4;1;2.3;0;19.93699;0.998361;Wide;
actor 3;;;[-0.5,-0.31,0][0,0,330][0.33,-0.4,0][0,0,15.6][0,0.6,0][0,0,179.4];3 closeup zero;[-0.04,-0.58,1.77];[356.9,-0.0,357.5];18;3;1.96;10;1;0.51;0;11.604966;0.564891;Closeup;
;;;[-1.6,0.6,0][0,0,258][-1.53,-0.27,0][0,0,290.4][1,1.2,0][0,0,146][1,-1.2,0][0,0,42][-1,1.3,0][0,0,224.2][-1,-1.15,0][0,0,320.4][0.1,1.7,0][0,0,180][-0.05,-1.5,0][0,0,0][1.4,-0.35,0][0,0,87.5][1.5,0.57,0][0,0,90.9];1 semicloseup;[-0.01,0.61,1.66];[356.6,-0.0,86.2];20;1;4.1;8.1;1;0.5;5;13.902034;0.891304;Semicloseup;
;;;[-1.6,0.6,0][0,0,258][-1.53,-0.27,0][0,0,290.4][1,1.2,0][0,0,146][1,-1.2,0][0,0,42][-1,1.3,0][0,0,224.2][-1,-1.15,0][0,0,320.4][0.1,1.7,0][0,0,180][-0.05,-1.5,0][0,0,0][1.4,-0.35,0][0,0,87.5][1.5,0.57,0][0,0,90.9];2 semicloseup;[0.41,0.01,1.68];[358.3,-0.0,98.2];20;1;4.1;8.1;1;0.5;5;13.902034;0.891304;Semicloseup;
;;;[-1.6,0.6,0][0,0,258][-1.53,-0.27,0][0,0,290.4][1,1.2,0][0,0,146][1,-1.2,0][0,0,42][-1,1.3,0][0,0,224.2][-1,-1.15,0][0,0,320.4][0.1,1.7,0][0,0,180][-0.05,-1.5,0][0,0,0][1.4,-0.35,0][0,0,87.5][1.5,0.57,0][0,0,90.9];3 semicloseup;[0.12,0.03,1.67];[359.6,-0.0,323.4];20;1;4.1;8.1;1;0.5;5;13.902034;0.891304;Semicloseup;
;;;[-1.6,0.6,0][0,0,258][-1.53,-0.27,0][0,0,290.4][1,1.2,0][0,0,146][1,-1.2,0][0,0,42][-1,1.3,0][0,0,224.2][-1,-1.15,0][0,0,320.4][0.1,1.7,0][0,0,180][-0.05,-1.5,0][0,0,0][1.4,-0.35,0][0,0,87.5][1.5,0.57,0][0,0,90.9];4 semicloseup;[0.07,0.08,1.73];[358.3,-0.0,217.7];20;1;4.1;8.1;1;0.5;5;13.902034;0.891304;Semicloseup;
;;;[-1.6,0.6,0][0,0,258][-1.53,-0.27,0][0,0,290.4][1,1.2,0][0,0,146][1,-1.2,0][0,0,42][-1,1.3,0][0,0,224.2][-1,-1.15,0][0,0,320.4][0.1,1.7,0][0,0,180][-0.05,-1.5,0][0,0,0][1.4,-0.35,0][0,0,87.5][1.5,0.57,0][0,0,90.9];5 semicloseup;[-0.14,-0.15,1.67];[359.1,-0.0,30.7];20;1;4.1;8.1;1;0.5;5;13.902034;0.891304;Semicloseup;
;;;[-1.6,0.6,0][0,0,258][-1.53,-0.27,0][0,0,290.4][1,1.2,0][0,0,146][1,-1.2,0][0,0,42][-1,1.3,0][0,0,224.2][-1,-1.15,0][0,0,320.4][0.1,1.7,0][0,0,180][-0.05,-1.5,0][0,0,0][1.4,-0.35,0][0,0,87.5][1.5,0.57,0][0,0,90.9];6 semicloseup;[-0.37,0.33,1.68];[0.1,-0.0,159.2];20;1;4.1;8.1;1;0.5;5;13.902034;0.891304;Semicloseup;
;;;[-1.6,0.6,0][0,0,258][-1.53,-0.27,0][0,0,290.4][1,1.2,0][0,0,146][1,-1.2,0][0,0,42][-1,1.3,0][0,0,224.2][-1,-1.15,0][0,0,320.4][0.1,1.7,0][0,0,180][-0.05,-1.5,0][0,0,0][1.4,-0.35,0][0,0,87.5][1.5,0.57,0][0,0,90.9];7 semicloseup;[0.77,0.31,1.71];[357.8,-0.0,27.9];20;1;4.1;8.1;1;0.5;5;13.902034;0.891304;Semicloseup;
;;;[-1.6,0.6,0][0,0,258][-1.53,-0.27,0][0,0,290.4][1,1.2,0][0,0,146][1,-1.2,0][0,0,42][-1,1.3,0][0,0,224.2][-1,-1.15,0][0,0,320.4][0.1,1.7,0][0,0,180][-0.05,-1.5,0][0,0,0][1.4,-0.35,0][0,0,87.5][1.5,0.57,0][0,0,90.9];8 semicloseup;[-0.73,0.00,1.67];[0.3,-0.0,206.7];20;1;4.1;8.1;1;0.5;5;13.902034;0.891304;Semicloseup;
;;;[-1.6,0.6,0][0,0,258][-1.53,-0.27,0][0,0,290.4][1,1.2,0][0,0,146][1,-1.2,0][0,0,42][-1,1.3,0][0,0,224.2][-1,-1.15,0][0,0,320.4][0.1,1.7,0][0,0,180][-0.05,-1.5,0][0,0,0][1.4,-0.35,0][0,0,87.5][1.5,0.57,0][0,0,90.9];9 semicloseup;[-0.43,-0.42,1.67];[358.6,-0.0,272.2];20;1;4.1;8.1;1;0.5;5;13.902034;0.891304;Semicloseup;
;;;[-1.6,0.6,0][0,0,258][-1.53,-0.27,0][0,0,290.4][1,1.2,0][0,0,146][1,-1.2,0][0,0,42][-1,1.3,0][0,0,224.2][-1,-1.15,0][0,0,320.4][0.1,1.7,0][0,0,180][-0.05,-1.5,0][0,0,0][1.4,-0.35,0][0,0,87.5][1.5,0.57,0][0,0,90.9];10 semicloseup;[-0.36,0.40,1.71];[357.6,-0.0,276.2];20;1;4.1;8.1;1;0.5;5;13.902034;0.891304;Semicloseup;
;;;[0,0,0][0,0,0][0,1.6,0][0,0,180];1 2 closeup ext;[-0.61,-1.17,1.72];[359.0,-0.0,344.7];10;2;2.5;5;1;1.9;0;28.249542;1.2700729;Closeup;
;;;[0,0,0][0,0,0][0,1.6,0][0,0,180];1 2 closeup int;[-0.58,-0.52,1.75];[358.4,-0.0,342.6];12;2;2.5;5;1;0;0;28.249542;1.2700729;Closeup;
;;;[0,0,0][0,0,0][0,1.6,0][0,0,180];1 2 medium ext;[-1.06,-1.18,1.70];[355.8,-0.0,332.6];20;2;2.5;5;1;1.69;0;28.249542;1.2700729;Medium;
;;;[0,0,0][0,0,0][0,1.6,0][0,0,180];1 2 medium int;[-0.92,-0.46,1.70];[355.2,-0.0,330.5];23;2;2.5;5;1;0;0;28.249542;1.2700729;Medium;
;;;[0,0,0][0,0,0][0,1.6,0][0,0,180];1 2 semicloseup ext;[-0.75,-0.78,1.70];[357.0,-0.0,336.9];17;2;2.5;5;1;1.65;0;28.249542;1.2700729;Semicloseup;
;;;[0,0,0][0,0,0][0,1.6,0][0,0,180];1 2 semicloseup int;[-0.64,-0.28,1.75];[356.7,-0.0,337.2];17;2;2.5;12.5;1;0;0;28.249542;1.2700729;Semicloseup;
;;;[0,0,0][0,0,0][0,1.6,0][0,0,180];1 2 supercloseup int;[-0.48,-0.14,1.76];[358.7,-0.0,342.2];10;2;2.5;1.9;1;0;0;28.249542;1.2700729;Supercloseup;
;;;[0,0,0][0,0,0][0,1.6,0][0,0,180];1 2 wide ext;[-1.22,-1.37,1.67];[355.6,-0.0,331.2];20;2;2.5;5;1;2;0;28.249542;1.2700729;Wide;
;;;[0,0,0][0,0,0][0,1.6,0][0,0,180];2 1 closeup ext;[-0.60,2.60,1.73];[358.3,-0.0,196.7];12.5;2;2.5;5;1;1.65;0;28.249542;1.2700729;Closeup;
;;;[0,0,0][0,0,0][0,1.6,0][0,0,180];2 1 closeup int;[-0.71,2.39,1.77];[358.4,-0.0,198.4];10;2;4;5;1;0;0;28.249542;1.2700729;Closeup;
;;;[0,0,0][0,0,0][0,1.6,0][0,0,180];2 1 medium ext;[-0.75,2.60,1.65];[357.0,-0.0,201.2];20;0;2.5;5;1;1.45;0;42.1379;2.70603;Medium;
;;;[0,0,0][0,0,0][0,1.6,0][0,0,180];2 1 medium int;[-0.45,1.84,1.69];[356.4,-0.0,199.5];24;2;2.5;5;1;0;0;28.249542;1.2700729;Medium;
;;;[0,0,0][0,0,0][0,1.6,0][0,0,180];2 1 semicloseup ext;[-0.57,2.38,1.76];[356.5,-0.0,199.0];17;2;2.5;5;1;1.29;0;28.249542;1.2700729;Semicloseup;
;;;[0,0,0][0,0,0][0,1.6,0][0,0,180];2 1 semicloseup int;[-0.45,1.57,1.76];[357.4,-0.0,199.6];17;2;2.5;5;1;0;0;28.249542;1.2700729;Semicloseup;
;;;[0,0,0][0,0,0][0,1.6,0][0,0,180];2 1 supercloseup int;[-0.46,1.60,1.76];[358.9,-0.0,198.1];10;2;2.5;5;1;0;0;28.249542;1.2700729;Supercloseup;
;;;[0,0,0][0,0,0][0,1.6,0][0,0,180];2 1 wide ext;[-1.38,3.44,1.67];[355.5,-0.0,209.2];20;2;2.5;12.5;1;2;0;28.249542;1.2700729;Wide;
;;;[0,0.6,0][0,0,180][0,-0.6,0][0,0,0][1,1.2,0][0,0,180][1,-1.2,0][0,0,0][-1,1.3,0][0,0,180][-1,-1.15,0][0,0,0][0.1,1.7,0][0,0,180][0.3,-1.9,0][0,0,0];1 semicloseup;[-0.32,-0.73,1.70];[358.3,-0.0,343.9];20;1;4.1;8.1;1;0.5;5;13.902034;0.891304;None;
;;;[0,0.6,0][0,0,180][0,-0.6,0][0,0,0][1,1.2,0][0,0,180][1,-1.2,0][0,0,0][-1,1.3,0][0,0,180][-1,-1.15,0][0,0,0][0.1,1.7,0][0,0,180][0.3,-1.9,0][0,0,0];2 semicloseup;[-0.57,0.78,1.66];[0.6,-0.0,204.4];20;1;4.1;8.1;1;0.5;5;13.902034;0.891304;None;
;;;[0,0.6,0][0,0,180][0,-0.6,0][0,0,0][1,1.2,0][0,0,180][1,-1.2,0][0,0,0][-1,1.3,0][0,0,180][-1,-1.15,0][0,0,0][0.1,1.7,0][0,0,180][0.3,-1.9,0][0,0,0];3 semicloseup;[0.12,0.03,1.67];[0.1,-0.0,323.9];20;1;4.1;8.1;1;0.5;5;13.902034;0.891304;None;
;;;[0,0.6,0][0,0,180][0,-0.6,0][0,0,0][1,1.2,0][0,0,180][1,-1.2,0][0,0,0][-1,1.3,0][0,0,180][-1,-1.15,0][0,0,0][0.1,1.7,0][0,0,180][0.3,-1.9,0][0,0,0];4 semicloseup;[0.07,0.08,1.73];[358.6,-0.0,218.9];20;1;4.1;8.1;1;0.5;5;13.902034;0.891304;None;
;;;[0,0.6,0][0,0,180][0,-0.6,0][0,0,0][1,1.2,0][0,0,180][1,-1.2,0][0,0,0][-1,1.3,0][0,0,180][-1,-1.15,0][0,0,0][0.1,1.7,0][0,0,180][0.3,-1.9,0][0,0,0];5 semicloseup;[-0.27,0.04,1.67];[1.1,-0.0,34.9];20;1;4.1;8.1;1;0.5;5;13.902034;0.891304;None;
;;;[0,0.6,0][0,0,180][0,-0.6,0][0,0,0][1,1.2,0][0,0,180][1,-1.2,0][0,0,0][-1,1.3,0][0,0,180][-1,-1.15,0][0,0,0][0.1,1.7,0][0,0,180][0.3,-1.9,0][0,0,0];6 semicloseup;[-0.49,0.03,1.67];[359.6,-0.0,158.4];20;1;4.1;8.1;1;0.5;5;13.902034;0.891304;None;
;;;[0,0.6,0][0,0,180][0,-0.6,0][0,0,0][1,1.2,0][0,0,180][1,-1.2,0][0,0,0][-1,1.3,0][0,0,180][-1,-1.15,0][0,0,0][0.1,1.7,0][0,0,180][0.3,-1.9,0][0,0,0];7 semicloseup;[0.66,0.52,1.71];[358.8,-0.0,27.9];20;1;4.1;8.1;1;0.5;5;13.902034;0.891304;None;
;;;[0,0.6,0][0,0,180][0,-0.6,0][0,0,0][1,1.2,0][0,0,180][1,-1.2,0][0,0,0][-1,1.3,0][0,0,180][-1,-1.15,0][0,0,0][0.1,1.7,0][0,0,180][0.3,-1.9,0][0,0,0];8 semicloseup;[-0.30,-0.73,1.74];[357.3,-0.0,212.9];20;1;4.1;8.1;1;0.5;5;13.902034;0.891304;None;
;;;[0,0.6,0][0,0,180][0,-0.6,0][0,0,0][1.04,-0.65,0][0,0,40][-1,-0.6,0][0,0,325][0.5,1.35,0][0,0,170][-0.67,1.35,0][0,0,205][0.35,-1.75,0][0,0,15][-0.75,-1.75,0][0,0,345];1 semicloseup;[-0.32,-0.62,1.69];[359.6,-0.0,344.2];20;1;4.1;8.1;1;0.5;5;13.902034;0.891304;None;
;;;[0,0.6,0][0,0,180][0,-0.6,0][0,0,0][1.04,-0.65,0][0,0,40][-1,-0.6,0][0,0,325][0.5,1.35,0][0,0,170][-0.67,1.35,0][0,0,205][0.35,-1.75,0][0,0,15][-0.75,-1.75,0][0,0,345];2 semicloseup;[-0.36,0.93,1.74];[356.8,-0.0,194.7];20;1;4.1;8.1;1;0.5;5;13.902034;0.891304;None;
;;;[0,0.6,0][0,0,180][0,-0.6,0][0,0,0][1.04,-0.65,0][0,0,40][-1,-0.6,0][0,0,325][0.5,1.35,0][0,0,170][-0.67,1.35,0][0,0,205][0.35,-1.75,0][0,0,15][-0.75,-1.75,0][0,0,345];3 semicloseup;[-0.18,-0.11,1.67];[0.6,-0.0,247.9];20;1;4.1;8.1;1;0.5;5;13.902034;0.891304;None;
;;;[0,0.6,0][0,0,180][0,-0.6,0][0,0,0][1.04,-0.65,0][0,0,40][-1,-0.6,0][0,0,325][0.5,1.35,0][0,0,170][-0.67,1.35,0][0,0,205][0.35,-1.75,0][0,0,15][-0.75,-1.75,0][0,0,345];4 semicloseup;[-0.57,0.74,1.66];[0.6,-0.0,164.2];20;1;4.1;8.1;1;0.5;5;13.902034;0.891304;None;
;;;[0,0.6,0][0,0,180][0,-0.6,0][0,0,0][1.04,-0.65,0][0,0,40][-1,-0.6,0][0,0,325][0.5,1.35,0][0,0,170][-0.67,1.35,0][0,0,205][0.35,-1.75,0][0,0,15][-0.75,-1.75,0][0,0,345];5 semicloseup;[0.85,-0.25,1.68];[359.6,-0.0,13.9];20;1;4.1;8.1;1;0.5;5;13.902034;0.891304;None;
;;;[0,0.6,0][0,0,180][0,-0.6,0][0,0,0][1.04,-0.65,0][0,0,40][-1,-0.6,0][0,0,325][0.5,1.35,0][0,0,170][-0.67,1.35,0][0,0,205][0.35,-1.75,0][0,0,15][-0.75,-1.75,0][0,0,345];6 semicloseup;[-0.52,-0.04,1.67];[359.6,-0.0,4.4];20;1;4.1;8.1;1;0.5;5;13.902034;0.891304;None;
;;;[0,0.6,0][0,0,180][0,-0.6,0][0,0,0][1.04,-0.65,0][0,0,40][-1,-0.6,0][0,0,325][0.5,1.35,0][0,0,170][-0.67,1.35,0][0,0,205][0.35,-1.75,0][0,0,15][-0.75,-1.75,0][0,0,345];7 semicloseup;[0.51,-0.17,1.76];[357.1,-0.0,170.9];20;1;4.1;8.1;1;0.5;5;13.902034;0.891304;None;
;;;[0,0.6,0][0,0,180][0,-0.6,0][0,0,0][1.04,-0.65,0][0,0,40][-1,-0.6,0][0,0,325][0.5,1.35,0][0,0,170][-0.67,1.35,0][0,0,205][0.35,-1.75,0][0,0,15][-0.75,-1.75,0][0,0,345];8 semicloseup;[-0.55,-0.35,1.67];[0.3,-0.0,172.4];20;1;4.1;8.1;1;0.5;5;13.902034;0.891304;None;
actor 1;;;[0,0.6,0][0,0,191.6][0.6,-0.34,0][0,0,38][-0.59,-0.29,0][0,0,330];1 2 closeup ext;[0.44,-1.37,1.67];[0.5,-0.0,7.8];13;3;1.5;5;1;1.4;0;11.604966;0.564891;Closeup;
actor 1;;;[0,0.6,0][0,0,191.6][0.6,-0.34,0][0,0,38][-0.59,-0.29,0][0,0,330];1 2 closeup ext B;[1.74,-0.80,1.67];[0.3,-0.0,54.5];13;3;1.5;5;1;1.38;0;11.604966;0.564891;Closeup;
actor 1;;;[0,0.6,0][0,0,191.6][0.6,-0.34,0][0,0,38][-0.59,-0.29,0][0,0,330];1 2 closeup ext blend;[0.14,-0.93,1.68];[1.0,-0.0,0.3];13;3;1;10;1;1.4;0;11.604966;0.564891;Closeup;
actor 1;;;[0,0.6,0][0,0,191.6][0.6,-0.34,0][0,0,38][-0.59,-0.29,0][0,0,330];1 2 closeup int;[0.24,-1.36,1.67];[0.5,-0.0,3.0];13;3;1.96;10;1;0.6;0;11.604966;0.564891;Closeup;
actor 1;;;[0,0.6,0][0,0,191.6][0.6,-0.34,0][0,0,38][-0.59,-0.29,0][0,0,330];1 2 closeup int B;[0.24,-1.36,1.67];[1.0,-0.0,4.0];11.8;3;1.96;5;1;0.6;0;11.604966;0.564891;Closeup;
actor 1;;;[0,0.6,0][0,0,191.6][0.6,-0.34,0][0,0,38][-0.59,-0.29,0][0,0,330];1 2 medium ext;[-0.16,-2.01,1.60];[357.3,-0.0,351.4];20;3;1.74;10;1;2.3;0;28.249542;1.2700729;Medium;
actor 1;;;[0,0.6,0][0,0,191.6][0.6,-0.34,0][0,0,38][-0.59,-0.29,0][0,0,330];1 2 medium ext B;[2.45,-0.77,1.60];[356.8,-0.0,68.7];20;3;1.74;10;1;2.3;0;28.249542;1.2700729;Medium;
actor 1;;;[0,0.6,0][0,0,191.6][0.6,-0.34,0][0,0,38][-0.59,-0.29,0][0,0,330];1 2 medium ext blend;[-0.09,-1.53,1.58];[359.8,-0.0,351.9];20;3;1.74;10;1;2.3;0;28.249542;1.2700729;Medium;
actor 1;;;[0,0.6,0][0,0,191.6][0.6,-0.34,0][0,0,38][-0.59,-0.29,0][0,0,330];1 2 semicloseup ext;[0.18,-1.89,1.58];[0.0,-0.0,358.5];16;3;1.96;10;1;2;0;11.604966;0.564891;Semicloseup;
actor 1;;;[0,0.6,0][0,0,191.6][0.6,-0.34,0][0,0,38][-0.59,-0.29,0][0,0,330];1 2 semicloseup ext B;[2.14,-0.80,1.58];[0.0,-0.0,61.8];16;3;1.96;10;1;2.2;0;11.604966;0.564891;Semicloseup;
actor 1;;;[0,0.6,0][0,0,191.6][0.6,-0.34,0][0,0,38][-0.59,-0.29,0][0,0,330];1 2 semicloseup ext B blend;[1.72,-0.58,1.58];[1.3,-0.0,59.1];16;3;1.96;10;1;2.2;0;11.604966;0.564891;Semicloseup;
actor 1;;;[0,0.6,0][0,0,191.6][0.6,-0.34,0][0,0,38][-0.59,-0.29,0][0,0,330];1 2 semicloseup ext blend;[0.19,-1.41,1.57];[1.8,-0.0,359.5];16;3;1.96;10;1;2;0;11.604966;0.564891;Semicloseup;
actor 1;;;[0,0.6,0][0,0,191.6][0.6,-0.34,0][0,0,38][-0.59,-0.29,0][0,0,330];1 2 semicloseup int;[-0.11,-1.33,1.58];[0.3,-0.0,352.7];20;3;1.96;10;1;0.6;0;11.604966;0.564891;Semicloseup;
actor 1;;;[0,0.6,0][0,0,191.6][0.6,-0.34,0][0,0,38][-0.59,-0.29,0][0,0,330];1 2 supercloseup int;[0.24,-1.15,1.65];[2.5,-0.0,4.8];10;3;1.96;10;1;0.6;0;11.604966;0.564891;Supercloseup;
actor 1;;;[0,0.6,0][0,0,191.6][0.6,-0.34,0][0,0,38][-0.59,-0.29,0][0,0,330];1 2 wide ext;[-0.36,-2.33,1.60];[354.5,-0.0,345.8];25;3;1.74;10;1;2.65;0;19.93699;0.998361;Wide;
actor 1;;;[0,0.6,0][0,0,191.6][0.6,-0.34,0][0,0,38][-0.59,-0.29,0][0,0,330];1 2 wide ext B;[3.00,0.43,1.56];[355.8,-0.0,97.5];25;3;1.74;10;1;2.57;0;19.93699;0.998361;Wide;
actor 1;;;[0,0.6,0][0,0,191.6][0.6,-0.34,0][0,0,38][-0.59,-0.29,0][0,0,330];1 2 wide ext blend;[-0.24,-1.87,1.55];[356.6,-0.0,346.3];25;3;1.74;10;1;2.65;0;19.93699;0.998361;Wide;
actor 1;;;[0,0.6,0][0,0,191.6][0.6,-0.34,0][0,0,38][-0.59,-0.29,0][0,0,330];1 3 closeup ext;[-1.59,-0.54,1.67];[0.5,-0.0,302.4];13;3;1.5;5;1;1.25;0;11.604966;0.564891;Closeup;
actor 1;;;[0,0.6,0][0,0,191.6][0.6,-0.34,0][0,0,38][-0.59,-0.29,0][0,0,330];1 3 closeup ext B;[-0.56,-1.49,1.67];[0.5,-0.0,348.6];13;3;1;10;1;1.4;0;11.604966;0.564891;Closeup;
actor 1;;;[0,0.6,0][0,0,191.6][0.6,-0.34,0][0,0,38][-0.59,-0.29,0][0,0,330];1 3 closeup ext B blend;[-0.25,-1.06,1.68];[1.0,-0.0,354.4];13;3;1;10;1;1.4;0;11.604966;0.564891;Closeup;
actor 1;;;[0,0.6,0][0,0,191.6][0.6,-0.34,0][0,0,38][-0.59,-0.29,0][0,0,330];1 3 closeup ext blend;[-1.18,-0.28,1.67];[1.5,-0.0,302.9];13;3;1;10;1;1.4;0;11.604966;0.564891;Closeup;
actor 1;;;[0,0.6,0][0,0,191.6][0.6,-0.34,0][0,0,38][-0.59,-0.29,0][0,0,330];1 3 closeup int;[-1.77,-0.25,1.67];[0.5,-0.0,291.9];13;3;1.96;10;1;0.6;0;11.604966;0.564891;Closeup;
actor 1;;;[0,0.6,0][0,0,191.6][0.6,-0.34,0][0,0,38][-0.59,-0.29,0][0,0,330];1 3 medium ext;[-2.42,-0.45,1.60];[357.3,-0.0,288.9];20;3;1.74;10;1;2.3;0;28.249542;1.2700729;Medium;
actor 1;;;[0,0.6,0][0,0,191.6][0.6,-0.34,0][0,0,38][-0.59,-0.29,0][0,0,330];1 3 medium ext B;[0.04,-2.22,1.59];[357.3,-0.0,7.4];20;3;1.74;10;1;2.3;0;28.249542;1.2700729;Medium;
actor 1;;;[0,0.6,0][0,0,191.6][0.6,-0.34,0][0,0,38][-0.59,-0.29,0][0,0,330];1 3 medium ext B blend;[-0.05,-1.51,1.56];[0.3,-0.0,5.1];20;3;1.74;10;1;2.3;0;28.249542;1.2700729;Medium;
actor 1;;;[0,0.6,0][0,0,191.6][0.6,-0.34,0][0,0,38][-0.59,-0.29,0][0,0,330];1 3 medium ext blend;[-1.98,-0.28,1.59];[359.0,-0.0,288.4];20;3;1.74;10;1;2.3;0;28.249542;1.2700729;Medium;
actor 1;;;[0,0.6,0][0,0,191.6][0.6,-0.34,0][0,0,38][-0.59,-0.29,0][0,0,330];1 3 semicloseup ext;[-1.76,-0.37,1.58];[359.5,-0.0,293.3];20;3;1.96;10;1;1.4;0;11.604966;0.564891;Semicloseup;
actor 1;;;[0,0.6,0][0,0,191.6][0.6,-0.34,0][0,0,38][-0.59,-0.29,0][0,0,330];1 3 semicloseup ext B;[-0.23,-1.50,1.57];[360.0,-0.0,359.5];20;3;1.96;10;1;1.4;0;11.604966;0.564891;Semicloseup;
actor 1;;;[0,0.6,0][0,0,191.6][0.6,-0.34,0][0,0,38][-0.59,-0.29,0][0,0,330];1 3 semicloseup ext B blend;[-0.22,-1.02,1.57];[2.5,-0.0,359.3];20;3;1.96;10;1;1.4;0;11.604966;0.564891;Semicloseup;
actor 1;;;[0,0.6,0][0,0,191.6][0.6,-0.34,0][0,0,38][-0.59,-0.29,0][0,0,330];1 3 semicloseup ext blend;[-1.36,-0.20,1.57];[2.5,-0.0,294.6];20;3;1.96;10;1;1.4;0;11.604966;0.564891;Semicloseup;
actor 1;;;[0,0.6,0][0,0,191.6][0.6,-0.34,0][0,0,38][-0.59,-0.29,0][0,0,330];1 3 semicloseup int;[-1.81,-0.09,1.58];[359.5,-0.0,289.3];20;3;1.96;10;1;0.6;0;11.604966;0.564891;Semicloseup;
actor 1;;;[0,0.6,0][0,0,191.6][0.6,-0.34,0][0,0,38][-0.59,-0.29,0][0,0,330];1 3 supercloseup int;[-1.41,-0.38,1.65];[2.3,-0.0,301.8];10;3;1.96;10;1;0.6;0;11.604966;0.564891;Supercloseup;
actor 1;;;[0,0.6,0][0,0,191.6][0.6,-0.34,0][0,0,38][-0.59,-0.29,0][0,0,330];1 3 wide ext;[-2.35,-0.70,1.60];[355.3,-0.0,290.1];25;3;1.74;5;1;2.16;0;19.93699;0.998361;Wide;
actor 1;;;[0,0.6,0][0,0,191.6][0.6,-0.34,0][0,0,38][-0.59,-0.29,0][0,0,330];1 3 wide ext B;[0.24,-2.30,1.59];[356.5,-0.0,10.6];25;3;1.74;10;1;2.25;0;19.93699;0.998361;Wide;
actor 1;;;[0,0.6,0][0,0,191.6][0.6,-0.34,0][0,0,38][-0.59,-0.29,0][0,0,330];1 3 wide ext B blend;[0.15,-1.83,1.56];[357.5,-0.0,12.8];25;3;1.74;10;1;2.25;0;19.93699;0.998361;Wide;
actor 1;;;[0,0.6,0][0,0,191.6][0.6,-0.34,0][0,0,38][-0.59,-0.29,0][0,0,330];1 3 wide ext blend;[-1.90,-0.62,1.56];[356.8,-0.0,292.6];25;3;1.74;10;1;2.25;0;19.93699;0.998361;Wide;
actor 1;;;[0,0.6,0][0,0,191.6][0.6,-0.34,0][0,0,38][-0.59,-0.29,0][0,0,330];1 closeup zero;[0.34,-1.29,1.62];[2.0,-0.0,9.8];13;3;1.96;10;1;0.6;0;11.604966;0.564891;Closeup;
actor 2;;;[0,0.6,0][0,0,191.6][0.6,-0.34,0][0,0,38][-0.59,-0.29,0][0,0,330];2 1 closeup ext;[-0.76,0.90,1.60];[3.1,-0.0,231.8];13;3;1.5;5;1;1.1;0;11.604966;0.564891;Closeup;
actor 2;;;[0,0.6,0][0,0,191.6][0.6,-0.34,0][0,0,38][-0.59,-0.29,0][0,0,330];2 1 closeup ext B;[0.24,1.59,1.60];[2.3,-0.0,186.3];13;3;1.5;5;1;1.1;0;11.604966;0.564891;Closeup;
actor 2;;;[0,0.6,0][0,0,191.6][0.6,-0.34,0][0,0,38][-0.59,-0.29,0][0,0,330];2 1 closeup ext B blend;[0.53,1.14,1.62];[3.3,-0.0,178.6];13;3;1.96;10;1;1.3;0;11.604966;0.564891;Closeup;
actor 2;;;[0,0.6,0][0,0,191.6][0.6,-0.34,0][0,0,38][-0.59,-0.29,0][0,0,330];2 1 closeup ext blend;[-0.55,0.41,1.63];[4.1,-0.0,239.9];13;3;1.96;10;1;1.3;0;11.604966;0.564891;Closeup;
actor 2;;;[0,0.6,0][0,0,191.6][0.6,-0.34,0][0,0,38][-0.59,-0.29,0][0,0,330];2 1 closeup int;[-0.88,0.73,1.60];[3.1,-0.0,236.4];13;3;1.5;5;1;0.51;0;11.604966;0.564891;Closeup;
actor 2;;;[0,0.6,0][0,0,191.6][0.6,-0.34,0][0,0,38][-0.59,-0.29,0][0,0,330];2 1 medium ext;[-1.76,0.78,1.60];[357.4,-0.0,248.0];20;3;1.74;10;1;2.3;0;28.249542;1.2700729;Medium;
actor 2;;;[0,0.6,0][0,0,191.6][0.6,-0.34,0][0,0,38][-0.59,-0.29,0][0,0,330];2 1 medium ext B;[0.62,2.22,1.59];[357.6,-0.0,171.5];20;3;1.74;10;1;2.3;0;28.249542;1.2700729;Medium;
actor 2;;;[0,0.6,0][0,0,191.6][0.6,-0.34,0][0,0,38][-0.59,-0.29,0][0,0,330];2 1 medium ext blend;[-1.32,0.60,1.58];[359.1,-0.0,247.5];20;3;1.74;10;1;2.3;0;28.249542;1.2700729;Medium;
actor 2;;;[0,0.6,0][0,0,191.6][0.6,-0.34,0][0,0,38][-0.59,-0.29,0][0,0,330];2 1 semicloseup ext;[-0.72,0.73,1.58];[1.3,-0.0,237.8];20;3;1.5;5;1;1;0;11.604966;0.564891;Semicloseup;
actor 2;;;[0,0.6,0][0,0,191.6][0.6,-0.34,0][0,0,38][-0.59,-0.29,0][0,0,330];2 1 semicloseup ext B;[0.29,1.32,1.60];[1.0,-0.0,184.3];20;3;1.5;5;1;0.65;0;11.604966;0.564891;Semicloseup;
actor 2;;;[0,0.6,0][0,0,191.6][0.6,-0.34,0][0,0,38][-0.59,-0.29,0][0,0,330];2 1 semicloseup ext B blend;[0.51,0.86,1.62];[3.0,-0.0,181.6];20;3;1.96;10;1;0.66;0;11.604966;0.564891;Semicloseup;
actor 2;;;[0,0.6,0][0,0,191.6][0.6,-0.34,0][0,0,38][-0.59,-0.29,0][0,0,330];2 1 semicloseup ext blend;[-0.72,0.73,1.58];[1.3,-0.0,237.8];20;3;1.96;10;1;1.05;0;11.604966;0.564891;Semicloseup;
actor 2;;;[0,0.6,0][0,0,191.6][0.6,-0.34,0][0,0,38][-0.59,-0.29,0][0,0,330];2 1 semicloseup int;[-0.82,0.56,1.58];[1.3,-0.0,241.5];20;3;1.96;10;1;0.6;0;11.604966;0.564891;Semicloseup;
actor 2;;;[0,0.6,0][0,0,191.6][0.6,-0.34,0][0,0,38][-0.59,-0.29,0][0,0,330];2 1 semicloseup int blend;[-0.39,0.33,1.59];[5.3,-0.0,240.3];20;3;1.96;10;1;0.6;0;11.604966;0.564891;Semicloseup;
actor 2;;;[0,0.6,0][0,0,191.6][0.6,-0.34,0][0,0,38][-0.59,-0.29,0][0,0,330];2 1 supercloseup int;[-0.76,0.58,1.64];[3.0,-0.0,238.5];10;3;1.96;10;1;0.6;0;11.604966;0.564891;Supercloseup;
actor 2;;;[0,0.6,0][0,0,191.6][0.6,-0.34,0][0,0,38][-0.59,-0.29,0][0,0,330];2 1 wide ext;[-1.75,0.95,1.60];[355.0,-0.0,246.8];25;3;1.74;10;1;2.4;0;19.93699;0.998361;Wide;
actor 2;;;[0,0.6,0][0,0,191.6][0.6,-0.34,0][0,0,38][-0.59,-0.29,0][0,0,330];2 1 wide ext B;[0.70,2.45,1.61];[354.5,-0.0,169.1];25;3;1.74;10;1;2.4;0;19.93699;0.998361;Wide;
actor 2;;;[0,0.6,0][0,0,191.6][0.6,-0.34,0][0,0,38][-0.59,-0.29,0][0,0,330];2 1 wide ext blend;[-1.31,0.75,1.56];[357.0,-0.0,244.8];25;3;1.74;10;1;2.4;0;19.93699;0.998361;Wide;
actor 2;;;[0,0.6,0][0,0,191.6][0.6,-0.34,0][0,0,38][-0.59,-0.29,0][0,0,330];2 3 closeup ext;[-1.24,0.25,1.60];[2.7,-0.0,246.8];13;3;1.5;5;1;1.4;0;11.604966;0.564891;Closeup;
actor 2;;;[0,0.6,0][0,0,191.6][0.6,-0.34,0][0,0,38][-0.59,-0.29,0][0,0,330];2 3 closeup ext;[-1.48,0.23,1.59];[2.7,-0.0,249.8];13;3;1.96;10;1;0.51;0;11.604966;0.564891;Closeup;
actor 2;;;[0,0.6,0][0,0,191.6][0.6,-0.34,0][0,0,38][-0.59,-0.29,0][0,0,330];2 3 closeup ext B;[-1.36,-1.01,1.60];[2.2,-0.0,293.8];13;3;1.96;10;1;1.7;0;11.604966;0.564891;Closeup;
actor 2;;;[0,0.6,0][0,0,191.6][0.6,-0.34,0][0,0,38][-0.59,-0.29,0][0,0,330];2 3 closeup ext B;[-1.36,-1.08,1.60];[2.2,-0.0,293.8];13;3;1.5;5;1;1.4;0;11.604966;0.564891;Closeup;
actor 2;;;[0,0.6,0][0,0,191.6][0.6,-0.34,0][0,0,38][-0.59,-0.29,0][0,0,330];2 3 closeup ext B blend;[-0.82,-1.04,1.62];[3.4,-0.0,299.5];13;3;1.96;10;1;1.7;0;11.604966;0.564891;Closeup;
actor 2;;;[0,0.6,0][0,0,191.6][0.6,-0.34,0][0,0,38][-0.59,-0.29,0][0,0,330];2 3 closeup ext blend;[-0.94,0.29,1.61];[2.9,-0.0,244.3];13;3;1.96;10;1;0.51;0;11.604966;0.564891;Closeup;
actor 2;;;[0,0.6,0][0,0,191.6][0.6,-0.34,0][0,0,38][-0.59,-0.29,0][0,0,330];2 3 closeup int;[-0.88,0.73,1.60];[3.1,-0.0,230.6];13;3;1.96;10;1;0.51;0;11.604966;0.564891;Closeup;
actor 2;;;[0,0.6,0][0,0,191.6][0.6,-0.34,0][0,0,38][-0.59,-0.29,0][0,0,330];2 3 medium ext;[-1.59,1.00,1.60];[357.4,-0.0,229.2];20;3;1.74;10;1;2.3;0;28.249542;1.2700729;Medium;
actor 2;;;[0,0.6,0][0,0,191.6][0.6,-0.34,0][0,0,38][-0.59,-0.29,0][0,0,330];2 3 medium ext 2;[-1.59,1.00,1.60];[357.4,-0.0,236.5];20;3;1.74;5;1;2;0;28.249542;1.2700729;Medium;
actor 2;;;[0,0.6,0][0,0,191.6][0.6,-0.34,0][0,0,38][-0.59,-0.29,0][0,0,330];2 3 medium ext B;[-2.04,-1.44,1.60];[358.1,-0.0,300.7];20;3;1.74;10;1;2.3;0;28.249542;1.2700729;Medium;
actor 2;;;[0,0.6,0][0,0,191.6][0.6,-0.34,0][0,0,38][-0.59,-0.29,0][0,0,330];2 3 medium ext blend;[-1.23,0.69,1.58];[359.4,-0.0,232.9];20;3;1.74;10;1;2.3;0;28.249542;1.2700729;Medium;
actor 2;;;[0,0.6,0][0,0,191.6][0.6,-0.34,0][0,0,38][-0.59,-0.29,0][0,0,330];2 3 semicloseup ext;[-1.00,0.25,1.58];[1.3,-0.0,241.7];20;3;1.5;5;1;0.91;0;11.604966;0.564891;Semicloseup;
actor 2;;;[0,0.6,0][0,0,191.6][0.6,-0.34,0][0,0,38][-0.59,-0.29,0][0,0,330];2 3 semicloseup ext;[-1.17,0.25,1.58];[1.0,-0.0,244.5];20;3;1.96;10;1;0.95;0;11.604966;0.564891;Semicloseup;
actor 2;;;[0,0.6,0][0,0,191.6][0.6,-0.34,0][0,0,38][-0.59,-0.29,0][0,0,330];2 3 semicloseup ext B;[-1.24,-1.19,1.58];[0.3,-0.0,301.7];20;3;1.96;10;1;1.4;0;11.604966;0.564891;Semicloseup;
actor 2;;;[0,0.6,0][0,0,191.6][0.6,-0.34,0][0,0,38][-0.59,-0.29,0][0,0,330];2 3 semicloseup ext B blend;[-0.70,-1.14,1.58];[2.5,-0.0,306.2];20;3;1.96;10;1;1.4;0;11.604966;0.564891;Semicloseup;
actor 2;;;[0,0.6,0][0,0,191.6][0.6,-0.34,0][0,0,38][-0.59,-0.29,0][0,0,330];2 3 semicloseup ext blend;[-0.73,0.04,1.60];[2.8,-0.0,247.5];20;3;1.96;10;1;0.95;0;11.604966;0.564891;Semicloseup;
actor 2;;;[0,0.6,0][0,0,191.6][0.6,-0.34,0][0,0,38][-0.59,-0.29,0][0,0,330];2 3 semicloseup int;[-0.77,0.64,1.58];[1.3,-0.0,230.0];20;3;1.5;5;1;0.6;0;11.604966;0.564891;Semicloseup;
actor 2;;;[0,0.6,0][0,0,191.6][0.6,-0.34,0][0,0,38][-0.59,-0.29,0][0,0,330];2 3 supercloseup int;[-0.76,0.58,1.64];[3.0,-0.0,232.0];10;3;1.96;10;1;0.6;0;11.604966;0.564891;Supercloseup;
actor 2;;;[0,0.6,0][0,0,191.6][0.6,-0.34,0][0,0,38][-0.59,-0.29,0][0,0,330];2 3 wide ext;[-1.63,1.28,1.59];[355.4,-0.0,226.3];25;3;1.74;10;1;2.65;0;19.93699;0.998361;Wide;
actor 2;;;[0,0.6,0][0,0,191.6][0.6,-0.34,0][0,0,38][-0.59,-0.29,0][0,0,330];2 3 wide ext B;[-1.84,-1.60,1.55];[355.6,-0.0,306.0];25;3;1.74;10;1;2.65;0;19.93699;0.998361;Wide;
actor 2;;;[0,0.6,0][0,0,191.6][0.6,-0.34,0][0,0,38][-0.59,-0.29,0][0,0,330];2 3 wide ext B blend;[-1.12,-1.38,1.51];[359.4,-0.0,310.3];25;3;1.74;10;1;2.65;0;19.93699;0.998361;Wide;
actor 2;;;[0,0.6,0][0,0,191.6][0.6,-0.34,0][0,0,38][-0.59,-0.29,0][0,0,330];2 3 wide ext blend;[-1.11,0.78,1.53];[358.4,-0.0,227.5];25;3;1.74;10;1;2.65;0;19.93699;0.998361;Wide;
actor 2;;;[0,0.6,0][0,0,191.6][0.6,-0.34,0][0,0,38][-0.59,-0.29,0][0,0,330];2 closeup zero;[-0.01,0.56,1.64];[4.6,-0.0,213.4];17;3;1.5;5;1;0.51;0;11.604966;0.564891;Closeup;
actor 3;;;[0,0.6,0][0,0,191.6][0.6,-0.34,0][0,0,38][-0.59,-0.29,0][0,0,330];3 1 closeup ext;[-0.26,1.44,1.61];[3.5,-0.0,173.3];13;3;1.5;5;1;0.98;0;11.604966;0.564891;Closeup;
actor 3;;;[0,0.6,0][0,0,191.6][0.6,-0.34,0][0,0,38][-0.59,-0.29,0][0,0,330];3 1 closeup ext B;[0.76,0.85,1.61];[3.2,-0.0,125.6];13;3;1.5;5;1;1.05;0;11.604966;0.564891;Closeup;
actor 3;;;[0,0.6,0][0,0,191.6][0.6,-0.34,0][0,0,38][-0.59,-0.29,0][0,0,330];3 1 closeup ext B blend;[0.49,0.39,1.64];[4.2,-0.0,118.6];13;3;1.96;10;1;1.05;0;11.604966;0.564891;Closeup;
actor 3;;;[0,0.6,0][0,0,191.6][0.6,-0.34,0][0,0,38][-0.59,-0.29,0][0,0,330];3 1 closeup ext blend;[-0.55,0.99,1.63];[4.2,-0.0,181.0];13;3;1.96;10;1;1.05;0;11.604966;0.564891;Closeup;
actor 3;;;[0,0.6,0][0,0,191.6][0.6,-0.34,0][0,0,38][-0.59,-0.29,0][0,0,330];3 1 closeup int;[-0.55,1.44,1.61];[3.6,-0.0,180.6];13;3;1.96;10;1;0.51;0;11.604966;0.564891;Closeup;
actor 3;;;[0,0.6,0][0,0,191.6][0.6,-0.34,0][0,0,38][-0.59,-0.29,0][0,0,330];3 1 medium ext;[-0.53,2.35,1.60];[357.4,-0.0,185.8];20;3;0.4;9.2;1;2.3;0;28.249542;1.2700729;Medium;
actor 3;;;[0,0.6,0][0,0,191.6][0.6,-0.34,0][0,0,38][-0.59,-0.29,0][0,0,330];3 1 medium ext B;[1.89,0.94,1.60];[357.1,-0.0,108.8];20;3;0.4;9.2;1;2.3;0;28.249542;1.2700729;Medium;
actor 3;;;[0,0.6,0][0,0,191.6][0.6,-0.34,0][0,0,38][-0.59,-0.29,0][0,0,330];3 1 medium ext B blend;[1.44,0.79,1.58];[358.6,-0.0,111.3];20;3;0.4;9.2;1;2.3;0;28.249542;1.2700729;Medium;
actor 3;;;[0,0.6,0][0,0,191.6][0.6,-0.34,0][0,0,38][-0.59,-0.29,0][0,0,330];3 1 medium ext blend;[-0.48,1.88,1.58];[358.9,-0.0,182.3];20;3;0.4;9.2;1;2.3;0;28.249542;1.2700729;Medium;
actor 3;;;[0,0.6,0][0,0,191.6][0.6,-0.34,0][0,0,38][-0.59,-0.29,0][0,0,330];3 1 semicloseup ext;[-0.33,1.41,1.65];[359.0,-0.0,176.6];20;3;1.96;10;1;1.1;0;11.604966;0.564891;Semicloseup;
actor 3;;;[0,0.6,0][0,0,191.6][0.6,-0.34,0][0,0,38][-0.59,-0.29,0][0,0,330];3 1 semicloseup ext B;[0.91,0.80,1.65];[358.3,-0.0,120.6];20;3;1.96;10;1;1.1;0;11.604966;0.564891;Semicloseup;
actor 3;;;[0,0.6,0][0,0,191.6][0.6,-0.34,0][0,0,38][-0.59,-0.29,0][0,0,330];3 1 semicloseup ext B blend;[0.62,0.35,1.63];[1.3,-0.0,113.1];20;3;1.96;10;1;1.1;0;11.604966;0.564891;Semicloseup;
actor 3;;;[0,0.6,0][0,0,191.6][0.6,-0.34,0][0,0,38][-0.59,-0.29,0][0,0,330];3 1 semicloseup ext blend;[-0.60,0.94,1.64];[2.3,-0.0,182.9];20;3;1.96;10;1;1.1;0;11.604966;0.564891;Semicloseup;
actor 3;;;[0,0.6,0][0,0,191.6][0.6,-0.34,0][0,0,38][-0.59,-0.29,0][0,0,330];3 1 semicloseup int;[-0.61,1.40,1.65];[359.0,-0.0,182.5];20;3;1.96;10;1;0.6;0;11.604966;0.564891;Semicloseup;
actor 3;;;[0,0.6,0][0,0,191.6][0.6,-0.34,0][0,0,38][-0.59,-0.29,0][0,0,330];3 1 supercloseup int;[-0.42,1.35,1.59];[4.5,-0.0,176.0];10;3;1.5;5;1;0.6;0;11.604966;0.564891;Supercloseup;
actor 3;;;[0,0.6,0][0,0,191.6][0.6,-0.34,0][0,0,38][-0.59,-0.29,0][0,0,330];3 1 wide ext;[-1.38,2.31,1.60];[354.9,-0.0,205.8];25;3;0.7;9.4;1;2.3;0;19.93699;0.998361;Wide;
actor 3;;;[0,0.6,0][0,0,191.6][0.6,-0.34,0][0,0,38][-0.59,-0.29,0][0,0,330];3 1 wide ext B;[1.81,0.43,1.60];[354.9,-0.0,98.4];25;3;0.7;9.4;1;2.3;0;19.93699;0.998361;Wide;
actor 3;;;[0,0.6,0][0,0,191.6][0.6,-0.34,0][0,0,38][-0.59,-0.29,0][0,0,330];3 1 wide ext blend;[-1.17,1.88,1.56];[356.9,-0.0,202.8];25;3;0.7;9.4;1;2.3;0;19.93699;0.998361;Wide;
actor 3;;;[0,0.6,0][0,0,191.6][0.6,-0.34,0][0,0,38][-0.59,-0.29,0][0,0,330];3 2 closeup ext;[1.28,0.11,1.62];[2.4,-0.0,106.8];13;3;1.96;10;1;1.05;0;11.604966;0.564891;Closeup;
actor 3;;;[0,0.6,0][0,0,191.6][0.6,-0.34,0][0,0,38][-0.59,-0.29,0][0,0,330];3 2 closeup ext B;[1.26,-0.98,1.62];[1.9,-0.0,64.8];13;3;1.5;5;1;1.05;0;11.604966;0.564891;Closeup;
actor 3;;;[0,0.6,0][0,0,191.6][0.6,-0.34,0][0,0,38][-0.59,-0.29,0][0,0,330];3 2 closeup ext blend;[0.82,-0.02,1.64];[4.1,-0.0,104.3];13;3;1.96;10;1;1.05;0;11.604966;0.564891;Closeup;
actor 3;;;[0,0.6,0][0,0,191.6][0.6,-0.34,0][0,0,38][-0.59,-0.29,0][0,0,330];3 2 closeup int;[0.89,0.61,1.61];[3.6,-0.0,122.1];13;3;1.96;10;1;0.51;0;11.604966;0.564891;Closeup;
actor 3;;;[0,0.6,0][0,0,191.6][0.6,-0.34,0][0,0,38][-0.59,-0.29,0][0,0,330];3 2 medium ext;[1.73,0.90,1.58];[358.1,-0.0,124.1];20;3;0.4;9.2;1;2.3;0;28.249542;1.2700729;Medium;
actor 3;;;[0,0.6,0][0,0,191.6][0.6,-0.34,0][0,0,38][-0.59,-0.29,0][0,0,330];3 2 medium ext B;[1.73,-1.40,1.58];[358.1,-0.0,56.3];20;3;0.4;9.2;1;2.3;0;28.249542;1.2700729;Medium;
actor 3;;;[0,0.6,0][0,0,191.6][0.6,-0.34,0][0,0,38][-0.59,-0.29,0][0,0,330];3 2 medium ext B blend;[1.20,-1.32,1.57];[359.6,-0.0,53.6];20;3;0.4;9.2;1;2.3;0;28.249542;1.2700729;Medium;
actor 3;;;[0,0.6,0][0,0,191.6][0.6,-0.34,0][0,0,38][-0.59,-0.29,0][0,0,330];3 2 medium ext blend;[1.33,0.63,1.57];[359.9,-0.0,122.3];20;3;0.4;9.2;1;2.3;0;28.249542;1.2700729;Medium;
actor 3;;;[0,0.6,0][0,0,191.6][0.6,-0.34,0][0,0,38][-0.59,-0.29,0][0,0,330];3 2 semicloseup ext;[1.22,0.23,1.65];[358.5,-0.0,113.6];20;3;1.5;5;1;1.1;0;11.604966;0.564891;Semicloseup;
actor 3;;;[0,0.6,0][0,0,191.6][0.6,-0.34,0][0,0,38][-0.59,-0.29,0][0,0,330];3 2 semicloseup ext B;[1.15,-1.15,1.63];[359.3,-0.0,57.9];20;3;1.5;5;1;1.25;0;11.604966;0.564891;Semicloseup;
actor 3;;;[0,0.6,0][0,0,191.6][0.6,-0.34,0][0,0,38][-0.59,-0.29,0][0,0,330];3 2 semicloseup ext blend;[0.90,0.07,1.65];[0.0,-0.0,109.6];20;3;1.96;10;1;1.1;0;11.604966;0.564891;Semicloseup;
actor 3;;;[0,0.6,0][0,0,191.6][0.6,-0.34,0][0,0,38][-0.59,-0.29,0][0,0,330];3 2 semicloseup int;[0.99,0.60,1.64];[359.3,-0.0,124.3];20;3;1.5;5;1;0.6;0;11.604966;0.564891;Semicloseup;
actor 3;;;[0,0.6,0][0,0,191.6][0.6,-0.34,0][0,0,38][-0.59,-0.29,0][0,0,330];3 2 supercloseup int;[0.52,0.58,1.61];[5.0,-0.0,130.5];10;3;1.5;5;1;0.6;0;11.604966;0.564891;Supercloseup;
actor 3;;;[0,0.6,0][0,0,191.6][0.6,-0.34,0][0,0,38][-0.59,-0.29,0][0,0,330];3 2 wide ext;[-0.25,2.49,1.60];[354.7,-0.0,183.3];25;3;0.7;9.4;1;2.3;0;19.93699;0.998361;Wide;
actor 3;;;[0,0.6,0][0,0,191.6][0.6,-0.34,0][0,0,38][-0.59,-0.29,0][0,0,330];3 2 wide ext B;[1.29,-2.51,1.64];[353.9,-0.0,28.3];25;3;0.7;9.4;1;2.3;0;19.93699;0.998361;Wide;
actor 3;;;[0,0.6,0][0,0,191.6][0.6,-0.34,0][0,0,38][-0.59,-0.29,0][0,0,330];3 2 wide ext C;[1.89,1.52,1.60];[355.7,-0.0,133.8];25;3;1.25;4.35;1;2.5;0;19.93699;0.998361;Wide;
actor 3;;;[0,0.6,0][0,0,191.6][0.6,-0.34,0][0,0,38][-0.59,-0.29,0][0,0,330];3 2 wide ext blend;[-0.49,2.30,1.60];[355.0,-0.0,188.6];25;3;0.7;9.4;1;2.3;0;19.93699;0.998361;Wide;
actor 3;;;[0,0.6,0][0,0,191.6][0.6,-0.34,0][0,0,38][-0.59,-0.29,0][0,0,330];3 closeup zero;[-0.04,0.63,1.64];[5.1,-0.0,148.9];18;3;1.45;5;1;0.6;0;11.604966;0.564891;Closeup;
actor 1;;;[0,0.6,0][0,0,191.6][0.8,-0.55,0][0,0,15.5][-0.8,-0.5,0][0,0,345][0,-0.9,0][0,0,0];1 2 closeup ext;[0.77,-1.20,1.67];[0.5,-0.0,19.0];13;3;1;10;1;1.4;0;11.604966;0.564891;None;
actor 1;;;[0,0.6,0][0,0,191.6][0.8,-0.55,0][0,0,15.5][-0.8,-0.5,0][0,0,345][0,-0.9,0][0,0,0];1 2 closeup int;[0.43,-1.26,1.67];[0.5,-0.0,9.8];13;3;1.96;10;1;0.6;0;11.604966;0.564891;None;
actor 1;;;[0,0.6,0][0,0,191.6][0.8,-0.55,0][0,0,15.5][-0.8,-0.5,0][0,0,345][0,-0.9,0][0,0,0];1 2 medium ext;[0.74,-2.08,1.60];[357.5,-0.0,9.4];20;3;1.74;10;1;2.3;0;28.249542;1.2700729;None;
actor 1;;;[0,0.6,0][0,0,191.6][0.8,-0.55,0][0,0,15.5][-0.8,-0.5,0][0,0,345][0,-0.9,0][0,0,0];1 2 semicloseup ext;[0.63,-1.31,1.58];[359.9,-0.0,9.7];20;3;1.96;10;1;1.1;0;11.604966;0.564891;None;
actor 1;;;[0,0.6,0][0,0,191.6][0.8,-0.55,0][0,0,15.5][-0.8,-0.5,0][0,0,345][0,-0.9,0][0,0,0];1 2 semicloseup ext B;[1.80,-0.80,1.58];[358.9,-0.0,57.2];20;3;1.96;10;1;1.1;0;11.604966;0.564891;None;
actor 1;;;[0,0.6,0][0,0,191.6][0.8,-0.55,0][0,0,15.5][-0.8,-0.5,0][0,0,345][0,-0.9,0][0,0,0];1 2 supercloseup int;[0.24,-1.15,1.65];[2.5,-0.0,4.8];10;3;1.96;10;1;0.6;0;11.604966;0.564891;None;
actor 1;;;[0,0.6,0][0,0,191.6][0.8,-0.55,0][0,0,15.5][-0.8,-0.5,0][0,0,345][0,-0.9,0][0,0,0];1 2 wide ext;[-0.84,-2.20,1.60];[355.5,-0.0,332.5];25;3;1.74;10;1;2.65;0;19.93699;0.998361;None;
actor 1;;;[0,0.6,0][0,0,191.6][0.8,-0.55,0][0,0,15.5][-0.8,-0.5,0][0,0,345][0,-0.9,0][0,0,0];1 2 wide ext B;[-2.55,-1.16,1.43];[357.8,-0.0,291.8];25;3;1.74;10;1;2.65;0;19.93699;0.998361;None;
actor 1;;;[0,0.6,0][0,0,191.6][0.8,-0.55,0][0,0,15.5][-0.8,-0.5,0][0,0,345][0,-0.9,0][0,0,0];1 3 closeup ext;[-1.56,-0.71,1.67];[0.5,-0.0,304.9];13;3;1;10;1;1.4;0;11.604966;0.564891;None;
actor 1;;;[0,0.6,0][0,0,191.6][0.8,-0.55,0][0,0,15.5][-0.8,-0.5,0][0,0,345][0,-0.9,0][0,0,0];1 3 closeup int;[-1.68,-0.44,1.67];[0.5,-0.0,298.4];13;3;1.96;10;1;0.6;0;11.604966;0.564891;None;
actor 1;;;[0,0.6,0][0,0,191.6][0.8,-0.55,0][0,0,15.5][-0.8,-0.5,0][0,0,345][0,-0.9,0][0,0,0];1 3 medium ext;[-2.43,-0.78,1.50];[358.8,-0.0,294.4];20;3;1.74;10;1;2.3;0;28.249542;1.2700729;None;
actor 1;;;[0,0.6,0][0,0,191.6][0.8,-0.55,0][0,0,15.5][-0.8,-0.5,0][0,0,345][0,-0.9,0][0,0,0];1 3 semicloseup ext;[-1.71,-0.63,1.58];[359.5,-0.0,300.8];20;3;1.96;10;1;1.4;0;11.604966;0.564891;None;
actor 1;;;[0,0.6,0][0,0,191.6][0.8,-0.55,0][0,0,15.5][-0.8,-0.5,0][0,0,345][0,-0.9,0][0,0,0];1 3 semicloseup ext B;[-0.55,-1.48,1.58];[359.5,-0.0,352.7];20;3;1.96;10;1;1.4;0;11.604966;0.564891;None;
actor 1;;;[0,0.6,0][0,0,191.6][0.8,-0.55,0][0,0,15.5][-0.8,-0.5,0][0,0,345][0,-0.9,0][0,0,0];1 3 semicloseup int;[-1.70,-0.37,1.58];[359.5,-0.0,295.3];20;3;1.96;10;1;0.6;0;11.604966;0.564891;None;
actor 1;;;[0,0.6,0][0,0,191.6][0.8,-0.55,0][0,0,15.5][-0.8,-0.5,0][0,0,345][0,-0.9,0][0,0,0];1 3 supercloseup int;[-1.41,-0.38,1.65];[1.8,-0.0,301.3];10;3;1.96;10;1;0.6;0;11.604966;0.564891;None;
actor 1;;;[0,0.6,0][0,0,191.6][0.8,-0.55,0][0,0,15.5][-0.8,-0.5,0][0,0,345][0,-0.9,0][0,0,0];1 3 wide ext;[-2.42,-0.59,1.50];[357.8,-0.0,285.6];25;3;1.74;10;1;2.25;0;19.93699;0.998361;None;
actor 1;;;[0,0.6,0][0,0,191.6][0.8,-0.55,0][0,0,15.5][-0.8,-0.5,0][0,0,345][0,-0.9,0][0,0,0];1 4 closeup ext;[-0.35,-1.45,1.67];[0.5,-0.0,346.4];13;3;1;10;1;1.4;0;11.604966;0.564891;None;
actor 1;;;[0,0.6,0][0,0,191.6][0.8,-0.55,0][0,0,15.5][-0.8,-0.5,0][0,0,345][0,-0.9,0][0,0,0];1 4 closeup ext B;[0.32,-1.44,1.67];[0.5,-0.0,14.4];13;3;1;10;1;1.4;0;11.604966;0.564891;None;
actor 1;;;[0,0.6,0][0,0,191.6][0.8,-0.55,0][0,0,15.5][-0.8,-0.5,0][0,0,345][0,-0.9,0][0,0,0];1 4 closeup int;[-0.60,-1.29,1.67];[0.5,-0.0,339.6];13;3;1.96;10;1;0.6;0;11.604966;0.564891;None;
actor 1;;;[0,0.6,0][0,0,191.6][0.8,-0.55,0][0,0,15.5][-0.8,-0.5,0][0,0,345][0,-0.9,0][0,0,0];1 4 medium ext;[-0.94,-2.40,1.50];[359.0,-0.0,336.6];20;3;1.74;10;1;2.3;0;28.249542;1.2700729;None;
actor 1;;;[0,0.6,0][0,0,191.6][0.8,-0.55,0][0,0,15.5][-0.8,-0.5,0][0,0,345][0,-0.9,0][0,0,0];1 4 medium ext B;[0.79,-2.22,1.40];[2.0,-0.0,21.1];20;3;1.74;10;1;2.3;0;28.249542;1.2700729;None;
actor 1;;;[0,0.6,0][0,0,191.6][0.8,-0.55,0][0,0,15.5][-0.8,-0.5,0][0,0,345][0,-0.9,0][0,0,0];1 4 semicloseup ext;[-0.58,-1.38,1.57];[0.2,-0.0,337.3];20;3;1.96;10;1;1.4;0;11.604966;0.564891;None;
actor 1;;;[0,0.6,0][0,0,191.6][0.8,-0.55,0][0,0,15.5][-0.8,-0.5,0][0,0,345][0,-0.9,0][0,0,0];1 4 semicloseup ext B;[0.56,-1.45,1.57];[0.2,-0.0,22.0];20;3;1.96;10;1;1.4;0;11.604966;0.564891;None;
actor 1;;;[0,0.6,0][0,0,191.6][0.8,-0.55,0][0,0,15.5][-0.8,-0.5,0][0,0,345][0,-0.9,0][0,0,0];1 4 semicloseup int;[-1.61,-0.37,1.57];[0.3,-0.0,298.8];20;3;1.96;10;1;0.6;0;11.604966;0.564891;None;
actor 1;;;[0,0.6,0][0,0,191.6][0.8,-0.55,0][0,0,15.5][-0.8,-0.5,0][0,0,345][0,-0.9,0][0,0,0];1 4 supercloseup int;[-0.60,-0.87,1.66];[2.0,-0.0,335.1];10;3;1.96;10;1;0.6;0;11.604966;0.564891;None;
actor 1;;;[0,0.6,0][0,0,191.6][0.8,-0.55,0][0,0,15.5][-0.8,-0.5,0][0,0,345][0,-0.9,0][0,0,0];1 4 wide ext;[-0.91,-2.13,1.48];[358.0,-0.0,334.6];25;3;1.74;10;1;2.25;0;19.93699;0.998361;None;
actor 1;;;[0,0.6,0][0,0,191.6][0.8,-0.55,0][0,0,15.5][-0.8,-0.5,0][0,0,345][0,-0.9,0][0,0,0];1 4 wide ext B;[0.92,-1.97,1.48];[358.3,-0.0,22.8];25;3;1.74;10;1;2.25;0;19.93699;0.998361;None;
actor 1;;;[0,0.6,0][0,0,191.6][0.8,-0.55,0][0,0,15.5][-0.8,-0.5,0][0,0,345][0,-0.9,0][0,0,0];1 closeup zero;[0.25,-1.01,1.67];[0.3,-0.0,8.6];16;3;1.96;10;1;0.6;0;11.604966;0.564891;None;
actor 1;;;[0,0.6,0][0,0,191.6][0.8,-0.55,0][0,0,15.5][-0.8,-0.5,0][0,0,345][0,-0.9,0][0,0,0];1 semicloseup zero;[0.20,-0.95,1.60];[359.0,-0.0,6.8];25;3;1.96;10;1;0.6;0;11.604966;0.564891;None;
actor 1;;;[0,0.6,0][0,0,191.6][0.8,-0.55,0][0,0,15.5][-0.8,-0.5,0][0,0,345][0,-0.9,0][0,0,0];1 supercloseup zero;[0.34,-1.07,1.66];[2.0,-0.0,11.3];10;3;1.96;10;1;0.6;0;11.604966;0.564891;None;
actor 2;;;[0,0.6,0][0,0,191.6][0.8,-0.55,0][0,0,15.5][-0.8,-0.5,0][0,0,345][0,-0.9,0][0,0,0];2 1 closeup ext;[-0.77,1.04,1.60];[1.9,-0.0,228.1];13;3;1.96;10;1;1.3;0;11.604966;0.564891;None;
actor 2;;;[0,0.6,0][0,0,191.6][0.8,-0.55,0][0,0,15.5][-0.8,-0.5,0][0,0,345][0,-0.9,0][0,0,0];2 1 closeup int;[-0.72,0.60,1.61];[2.6,-0.0,233.7];13;3;1.96;10;1;0.51;0;11.604966;0.564891;None;
actor 2;;;[0,0.6,0][0,0,191.6][0.8,-0.55,0][0,0,15.5][-0.8,-0.5,0][0,0,345][0,-0.9,0][0,0,0];2 1 medium ext;[-1.60,1.16,1.60];[356.6,-0.0,240.3];20;3;1.74;10;1;2.3;0;28.249542;1.2700729;None;
actor 2;;;[0,0.6,0][0,0,191.6][0.8,-0.55,0][0,0,15.5][-0.8,-0.5,0][0,0,345][0,-0.9,0][0,0,0];2 1 semicloseup ext;[-0.77,0.89,1.57];[359.8,-0.0,232.6];20;3;1.96;10;1;0.66;0;11.604966;0.564891;None;
actor 2;;;[0,0.6,0][0,0,191.6][0.8,-0.55,0][0,0,15.5][-0.8,-0.5,0][0,0,345][0,-0.9,0][0,0,0];2 1 semicloseup ext B;[0.26,1.35,1.53];[2.2,-0.0,189.9];20;3;1.96;10;1;0.66;0;11.604966;0.564891;None;
actor 2;;;[0,0.6,0][0,0,191.6][0.8,-0.55,0][0,0,15.5][-0.8,-0.5,0][0,0,345][0,-0.9,0][0,0,0];2 1 semicloseup int;[-0.64,0.46,1.58];[1.3,-0.0,238.8];20;3;1.96;10;1;0.6;0;11.604966;0.564891;None;
actor 2;;;[0,0.6,0][0,0,191.6][0.8,-0.55,0][0,0,15.5][-0.8,-0.5,0][0,0,345][0,-0.9,0][0,0,0];2 1 supercloseup int;[-0.76,0.58,1.64];[2.8,-0.0,235.0];10;3;1.96;10;1;0.6;0;11.604966;0.564891;None;
actor 2;;;[0,0.6,0][0,0,191.6][0.8,-0.55,0][0,0,15.5][-0.8,-0.5,0][0,0,345][0,-0.9,0][0,0,0];2 1 wide ext;[-1.85,0.79,1.60];[355.5,-0.0,251.1];25;3;1.74;10;1;2.4;0;19.93699;0.998361;None;
actor 2;;;[0,0.6,0][0,0,191.6][0.8,-0.55,0][0,0,15.5][-0.8,-0.5,0][0,0,345][0,-0.9,0][0,0,0];2 3 closeup ext;[-1.69,0.03,1.59];[0.7,-0.0,251.8];13;3;1.96;10;1;2.3;0;11.604966;0.564891;None;
actor 2;;;[0,0.6,0][0,0,191.6][0.8,-0.55,0][0,0,15.5][-0.8,-0.5,0][0,0,345][0,-0.9,0][0,0,0];2 3 closeup int;[-0.88,0.73,1.60];[2.1,-0.0,229.6];13;3;1.96;10;1;0.51;0;11.604966;0.564891;None;
actor 2;;;[0,0.6,0][0,0,191.6][0.8,-0.55,0][0,0,15.5][-0.8,-0.5,0][0,0,345][0,-0.9,0][0,0,0];2 3 medium ext;[-1.94,0.47,1.60];[357.1,-0.0,241.3];20;3;1.74;10;1;2.6;0;28.249542;1.2700729;None;
actor 2;;;[0,0.6,0][0,0,191.6][0.8,-0.55,0][0,0,15.5][-0.8,-0.5,0][0,0,345][0,-0.9,0][0,0,0];2 3 semicloseup ext;[-1.38,0.02,1.57];[359.3,-0.0,247.0];20;3;1.96;10;1;2;0;11.604966;0.564891;None;
actor 2;;;[0,0.6,0][0,0,191.6][0.8,-0.55,0][0,0,15.5][-0.8,-0.5,0][0,0,345][0,-0.9,0][0,0,0];2 3 semicloseup int;[-0.70,0.72,1.58];[0.0,-0.0,225.0];20;3;1.96;10;1;0.6;0;11.604966;0.564891;None;
actor 2;;;[0,0.6,0][0,0,191.6][0.8,-0.55,0][0,0,15.5][-0.8,-0.5,0][0,0,345][0,-0.9,0][0,0,0];2 3 supercloseup int;[-0.76,0.58,1.64];[3.0,-0.0,232.0];10;3;1.96;10;1;0.6;0;11.604966;0.564891;None;
actor 2;;;[0,0.6,0][0,0,191.6][0.8,-0.55,0][0,0,15.5][-0.8,-0.5,0][0,0,345][0,-0.9,0][0,0,0];2 3 wide ext;[-1.49,1.42,1.59];[355.4,-0.0,219.3];25;3;1.74;10;1;2.75;0;19.93699;0.998361;None;
actor 2;;;[0,0.6,0][0,0,191.6][0.8,-0.55,0][0,0,15.5][-0.8,-0.5,0][0,0,345][0,-0.9,0][0,0,0];2 4 closeup ext;[-1.60,0.13,1.60];[0.9,-0.0,249.0];13;3;1.96;10;1;2.3;0;11.604966;0.564891;None;
actor 2;;;[0,0.6,0][0,0,191.6][0.8,-0.55,0][0,0,15.5][-0.8,-0.5,0][0,0,345][0,-0.9,0][0,0,0];2 4 closeup int;[-1.10,0.47,1.60];[1.9,-0.0,237.9];13;3;1.96;10;1;0.51;0;11.604966;0.564891;None;
actor 2;;;[0,0.6,0][0,0,191.6][0.8,-0.55,0][0,0,15.5][-0.8,-0.5,0][0,0,345][0,-0.9,0][0,0,0];2 4 medium ext;[-1.67,1.03,1.60];[357.1,-0.0,228.8];20;3;1.74;10;1;2.6;0;28.249542;1.2700729;None;
actor 2;;;[0,0.6,0][0,0,191.6][0.8,-0.55,0][0,0,15.5][-0.8,-0.5,0][0,0,345][0,-0.9,0][0,0,0];2 4 semicloseup ext;[-1.23,0.25,1.57];[359.8,-0.0,239.5];20;3;1.96;10;1;2;0;11.604966;0.564891;None;
actor 2;;;[0,0.6,0][0,0,191.6][0.8,-0.55,0][0,0,15.5][-0.8,-0.5,0][0,0,345][0,-0.9,0][0,0,0];2 4 semicloseup int;[-0.69,0.56,1.57];[0.8,-0.0,232.0];20;3;1.96;10;1;0.6;0;11.604966;0.564891;None;
actor 2;;;[0,0.6,0][0,0,191.6][0.8,-0.55,0][0,0,15.5][-0.8,-0.5,0][0,0,345][0,-0.9,0][0,0,0];2 4 supercloseup int;[-0.93,0.34,1.64];[2.3,-0.0,239.8];10;3;1.96;10;1;0.6;0;11.604966;0.564891;None;
actor 2;;;[0,0.6,0][0,0,191.6][0.8,-0.55,0][0,0,15.5][-0.8,-0.5,0][0,0,345][0,-0.9,0][0,0,0];2 4 wide ext;[-1.64,1.18,1.59];[355.9,-0.0,226.0];25;3;1.74;10;1;2.75;0;19.93699;0.998361;None;
actor 2;;;[0,0.6,0][0,0,191.6][0.8,-0.55,0][0,0,15.5][-0.8,-0.5,0][0,0,345][0,-0.9,0][0,0,0];2 closeup zero;[0.29,1.28,1.61];[2.6,-0.0,195.1];13;3;1.96;10;1;0.51;0;11.604966;0.564891;None;
actor 2;;;[0,0.6,0][0,0,191.6][0.8,-0.55,0][0,0,15.5][-0.8,-0.5,0][0,0,345][0,-0.9,0][0,0,0];2 semicloseup zero;[0.38,1.08,1.58];[1.3,-0.0,194.0];20;3;1.96;10;1;0.6;0;11.604966;0.564891;None;
actor 2;;;[0,0.6,0][0,0,191.6][0.8,-0.55,0][0,0,15.5][-0.8,-0.5,0][0,0,345][0,-0.9,0][0,0,0];2 supercloseup zero;[0.32,1.09,1.65];[2.3,-0.0,195.8];10;3;1.96;10;1;0.6;0;11.604966;0.564891;None;
actor 3;;;[0,0.6,0][0,0,191.6][0.8,-0.55,0][0,0,15.5][-0.8,-0.5,0][0,0,345][0,-0.9,0][0,0,0];3 1 closeup ext;[-0.18,1.34,1.61];[2.5,-0.0,164.6];13;3;1.96;10;1;1.05;0;11.604966;0.564891;None;
actor 3;;;[0,0.6,0][0,0,191.6][0.8,-0.55,0][0,0,15.5][-0.8,-0.5,0][0,0,345][0,-0.9,0][0,0,0];3 1 closeup int;[-0.47,1.33,1.61];[2.8,-0.0,171.1];13;3;1.96;10;1;0.51;0;11.604966;0.564891;None;
actor 3;;;[0,0.6,0][0,0,191.6][0.8,-0.55,0][0,0,15.5][-0.8,-0.5,0][0,0,345][0,-0.9,0][0,0,0];3 1 medium ext;[-0.53,2.35,1.60];[357.4,-0.0,181.1];20;3;0.4;9.2;1;2.3;0;28.249542;1.2700729;None;
actor 3;;;[0,0.6,0][0,0,191.6][0.8,-0.55,0][0,0,15.5][-0.8,-0.5,0][0,0,345][0,-0.9,0][0,0,0];3 1 semicloseup ext;[-0.23,1.40,1.65];[358.8,-0.0,168.6];20;3;1.96;10;1;1.1;0;11.604966;0.564891;None;
actor 3;;;[0,0.6,0][0,0,191.6][0.8,-0.55,0][0,0,15.5][-0.8,-0.5,0][0,0,345][0,-0.9,0][0,0,0];3 1 semicloseup ext B;[0.85,0.90,1.65];[358.8,-0.0,124.8];20;3;1.96;10;1;1.1;0;11.604966;0.564891;None;
actor 3;;;[0,0.6,0][0,0,191.6][0.8,-0.55,0][0,0,15.5][-0.8,-0.5,0][0,0,345][0,-0.9,0][0,0,0];3 1 semicloseup int;[-0.61,1.40,1.65];[358.8,-0.0,178.0];20;3;1.96;10;1;0.6;0;11.604966;0.564891;None;
actor 3;;;[0,0.6,0][0,0,191.6][0.8,-0.55,0][0,0,15.5][-0.8,-0.5,0][0,0,345][0,-0.9,0][0,0,0];3 1 supercloseup int;[-0.45,1.15,1.61];[4.3,-0.0,169.8];10;3;1.96;10;1;0.6;0;11.604966;0.564891;None;
actor 3;;;[0,0.6,0][0,0,191.6][0.8,-0.55,0][0,0,15.5][-0.8,-0.5,0][0,0,345][0,-0.9,0][0,0,0];3 1 wide ext;[-0.67,2.56,1.60];[354.9,-0.0,188.5];25;3;0.7;9.4;1;2.3;0;19.93699;0.998361;None;
actor 3;;;[0,0.6,0][0,0,191.6][0.8,-0.55,0][0,0,15.5][-0.8,-0.5,0][0,0,345][0,-0.9,0][0,0,0];3 1 wide ext B;[2.19,0.32,1.56];[355.7,-0.0,99.8];25;3;0.7;9.4;1;2.71;0;19.93699;0.998361;None;
actor 3;;;[0,0.6,0][0,0,191.6][0.8,-0.55,0][0,0,15.5][-0.8,-0.5,0][0,0,345][0,-0.9,0][0,0,0];3 2 closeup ext;[1.64,-0.25,1.61];[2.2,-0.0,98.3];10;3;1.96;10;1;1.05;0;11.604966;0.564891;None;
actor 3;;;[0,0.6,0][0,0,191.6][0.8,-0.55,0][0,0,15.5][-0.8,-0.5,0][0,0,345][0,-0.9,0][0,0,0];3 2 closeup int;[1.12,0.14,1.61];[2.1,-0.0,110.4];13;3;1.96;10;1;0.51;0;11.604966;0.564891;None;
actor 3;;;[0,0.6,0][0,0,191.6][0.8,-0.55,0][0,0,15.5][-0.8,-0.5,0][0,0,345][0,-0.9,0][0,0,0];3 2 medium ext;[1.99,0.52,1.58];[357.6,-0.0,118.1];20;3;0.4;9.2;1;2.3;0;28.249542;1.2700729;None;
actor 3;;;[0,0.6,0][0,0,191.6][0.8,-0.55,0][0,0,15.5][-0.8,-0.5,0][0,0,345][0,-0.9,0][0,0,0];3 2 semicloseup ext;[1.46,-0.20,1.65];[357.5,-0.0,103.9];20;3;1.96;10;1;2;0;11.604966;0.564891;None;
actor 3;;;[0,0.6,0][0,0,191.6][0.8,-0.55,0][0,0,15.5][-0.8,-0.5,0][0,0,345][0,-0.9,0][0,0,0];3 2 semicloseup ext B;[1.29,-0.94,1.68];[357.5,-0.0,72.5];20;3;1.96;10;1;1.9;0;11.604966;0.564891;None;
actor 3;;;[0,0.6,0][0,0,191.6][0.8,-0.55,0][0,0,15.5][-0.8,-0.5,0][0,0,345][0,-0.9,0][0,0,0];3 2 semicloseup int;[0.83,0.60,1.64];[358.8,-0.0,127.5];20;3;1.96;10;1;0.6;0;11.604966;0.564891;None;
actor 3;;;[0,0.6,0][0,0,191.6][0.8,-0.55,0][0,0,15.5][-0.8,-0.5,0][0,0,345][0,-0.9,0][0,0,0];3 2 supercloseup int;[0.52,0.58,1.61];[4.3,-0.0,130.5];10;3;1.96;10;1;0.6;0;11.604966;0.564891;None;
actor 3;;;[0,0.6,0][0,0,191.6][0.8,-0.55,0][0,0,15.5][-0.8,-0.5,0][0,0,345][0,-0.9,0][0,0,0];3 2 wide ext;[-0.44,2.65,1.60];[354.9,-0.0,184.8];25;3;0.7;9.4;1;2.3;0;19.93699;0.998361;None;
actor 3;;;[0,0.6,0][0,0,191.6][0.8,-0.55,0][0,0,15.5][-0.8,-0.5,0][0,0,345][0,-0.9,0][0,0,0];3 2 wide ext B;[1.85,0.87,1.55];[356.4,-0.0,121.0];25;3;0.7;9.4;1;2.3;0;19.93699;0.998361;None;
actor 3;;;[0,0.6,0][0,0,191.6][0.8,-0.55,0][0,0,15.5][-0.8,-0.5,0][0,0,345][0,-0.9,0][0,0,0];3 4 closeup ext;[1.82,-0.93,1.71];[359.5,-0.0,83.6];10;3;1.96;10;1;2.3;0;11.604966;0.564891;None;
actor 3;;;[0,0.6,0][0,0,191.6][0.8,-0.55,0][0,0,15.5][-0.8,-0.5,0][0,0,345][0,-0.9,0][0,0,0];3 4 closeup int;[1.12,0.14,1.61];[2.1,-0.0,110.9];13;3;1.96;10;1;0.51;0;11.604966;0.564891;None;
actor 3;;;[0,0.6,0][0,0,191.6][0.8,-0.55,0][0,0,15.5][-0.8,-0.5,0][0,0,345][0,-0.9,0][0,0,0];3 4 medium ext;[1.84,0.79,1.58];[357.9,-0.0,124.1];20;3;0.4;9.2;1;2.8;0;28.249542;1.2700729;None;
actor 3;;;[0,0.6,0][0,0,191.6][0.8,-0.55,0][0,0,15.5][-0.8,-0.5,0][0,0,345][0,-0.9,0][0,0,0];3 4 semicloseup ext;[0.97,-0.16,1.63];[358.8,-0.0,109.6];20;3;1.96;10;1;1.65;0;11.604966;0.564891;None;
actor 3;;;[0,0.6,0][0,0,191.6][0.8,-0.55,0][0,0,15.5][-0.8,-0.5,0][0,0,345][0,-0.9,0][0,0,0];3 4 semicloseup int;[0.78,0.32,1.63];[358.3,-0.0,119.5];20;3;1.96;10;1;0.6;0;11.604966;0.564891;None;
actor 3;;;[0,0.6,0][0,0,191.6][0.8,-0.55,0][0,0,15.5][-0.8,-0.5,0][0,0,345][0,-0.9,0][0,0,0];3 4 supercloseup int;[0.89,-0.05,1.61];[3.8,-0.0,108.0];10;3;1.96;10;1;0.6;0;11.604966;0.564891;None;
actor 3;;;[0,0.6,0][0,0,191.6][0.8,-0.55,0][0,0,15.5][-0.8,-0.5,0][0,0,345][0,-0.9,0][0,0,0];3 4 wide ext;[1.80,1.53,1.57];[355.4,-0.0,133.0];25;3;0.7;9.4;1;2.3;0;19.93699;0.998361;None;
actor 3;;;[0,0.6,0][0,0,191.6][0.8,-0.55,0][0,0,15.5][-0.8,-0.5,0][0,0,345][0,-0.9,0][0,0,0];3 4 wide ext B;[1.71,0.60,1.54];[356.7,-0.0,122.0];25;3;0.7;9.4;1;2.3;0;19.93699;0.998361;None;
actor 3;;;[0,0.6,0][0,0,191.6][0.8,-0.55,0][0,0,15.5][-0.8,-0.5,0][0,0,345][0,-0.9,0][0,0,0];3 closeup zero;[-0.42,1.35,1.62];[2.3,-0.0,168.1];13;3;1.96;10;1;0.51;0;11.604966;0.564891;None;
actor 3;;;[0,0.6,0][0,0,191.6][0.8,-0.55,0][0,0,15.5][-0.8,-0.5,0][0,0,345][0,-0.9,0][0,0,0];3 semicloseup zero;[-0.39,1.16,1.63];[359.8,-0.0,165.5];20;3;1.96;10;1;0.6;0;11.604966;0.564891;None;
actor 3;;;[0,0.6,0][0,0,191.6][0.8,-0.55,0][0,0,15.5][-0.8,-0.5,0][0,0,345][0,-0.9,0][0,0,0];3 supercloseup zero;[-0.38,0.93,1.62];[4.0,-0.0,163.5];10;3;1.96;10;1;0.6;0;11.604966;0.564891;None;
actor 4;;;[0,0.6,0][0,0,191.6][0.8,-0.55,0][0,0,15.5][-0.8,-0.5,0][0,0,345][0,-0.9,0][0,0,0];4 1 closeup ext;[-0.54,1.28,1.67];[0.5,-0.0,197.4];13;3;1;10;1;1.4;0;11.604966;0.564891;None;
actor 4;;;[0,0.6,0][0,0,191.6][0.8,-0.55,0][0,0,15.5][-0.8,-0.5,0][0,0,345][0,-0.9,0][0,0,0];4 1 closeup ext B;[0.53,1.29,1.67];[0.0,-0.0,162.1];13;3;1;10;1;1.4;0;11.604966;0.564891;None;
actor 4;;;[0,0.6,0][0,0,191.6][0.8,-0.55,0][0,0,15.5][-0.8,-0.5,0][0,0,345][0,-0.9,0][0,0,0];4 1 closeup int;[-0.63,0.94,1.67];[0.5,-0.0,201.9];13;3;1;10;1;1.4;0;11.604966;0.564891;None;
actor 4;;;[0,0.6,0][0,0,191.6][0.8,-0.55,0][0,0,15.5][-0.8,-0.5,0][0,0,345][0,-0.9,0][0,0,0];4 1 medium ext;[-0.82,1.74,1.58];[357.1,-0.0,203.6];20;3;0.4;9.2;1;2.8;0;28.249542;1.2700729;None;
actor 4;;;[0,0.6,0][0,0,191.6][0.8,-0.55,0][0,0,15.5][-0.8,-0.5,0][0,0,345][0,-0.9,0][0,0,0];4 1 semicloseup ext;[-0.55,1.21,1.60];[359.5,-0.0,200.8];20;3;1.96;10;1;1.4;0;11.604966;0.564891;None;
actor 4;;;[0,0.6,0][0,0,191.6][0.8,-0.55,0][0,0,15.5][-0.8,-0.5,0][0,0,345][0,-0.9,0][0,0,0];4 1 semicloseup int;[-1.03,0.79,1.60];[359.0,-0.0,215.3];20;3;1.96;10;1;0.6;0;11.604966;0.564891;None;
actor 4;;;[0,0.6,0][0,0,191.6][0.8,-0.55,0][0,0,15.5][-0.8,-0.5,0][0,0,345][0,-0.9,0][0,0,0];4 1 supercloseup int;[-0.63,0.62,1.67];[2.3,-0.0,204.3];10;3;1.96;10;1;0.6;0;11.604966;0.564891;None;
actor 4;;;[0,0.6,0][0,0,191.6][0.8,-0.55,0][0,0,15.5][-0.8,-0.5,0][0,0,345][0,-0.9,0][0,0,0];4 1 wide ext;[-1.24,1.70,1.60];[355.5,-0.0,212.8];25;3;1.74;10;1;2.25;0;19.93699;0.998361;None;
actor 4;;;[0,0.6,0][0,0,191.6][0.8,-0.55,0][0,0,15.5][-0.8,-0.5,0][0,0,345][0,-0.9,0][0,0,0];4 1 wide ext B;[1.05,1.64,1.59];[355.3,-0.0,149.8];25;3;1.74;10;1;2.25;0;19.93699;0.998361;None;
actor 4;;;[0,0.6,0][0,0,191.6][0.8,-0.55,0][0,0,15.5][-0.8,-0.5,0][0,0,345][0,-0.9,0][0,0,0];4 2 closeup ext;[1.24,0.80,1.59];[2.4,-0.0,148.4];13;3;1.96;10;1;1.8;0;11.604966;0.564891;None;
actor 4;;;[0,0.6,0][0,0,191.6][0.8,-0.55,0][0,0,15.5][-0.8,-0.5,0][0,0,345][0,-0.9,0][0,0,0];4 2 closeup ext B;[2.23,-1.19,1.59];[1.6,-0.0,78.6];13;3;0.8;4.8;1;1.8;0;11.604966;0.564891;None;
actor 4;;;[0,0.6,0][0,0,191.6][0.8,-0.55,0][0,0,15.5][-0.8,-0.5,0][0,0,345][0,-0.9,0][0,0,0];4 2 closeup int;[0.53,1.12,1.59];[2.6,-0.0,167.9];13;3;1.96;10;1;0.51;0;11.604966;0.564891;None;
actor 4;;;[0,0.6,0][0,0,191.6][0.8,-0.55,0][0,0,15.5][-0.8,-0.5,0][0,0,345][0,-0.9,0][0,0,0];4 2 medium ext;[0.79,1.75,1.61];[357.6,-0.0,169.8];20;3;1.74;10;1;2.6;0;28.249542;1.2700729;None;
actor 4;;;[0,0.6,0][0,0,191.6][0.8,-0.55,0][0,0,15.5][-0.8,-0.5,0][0,0,345][0,-0.9,0][0,0,0];4 2 semicloseup int;[1.06,0.56,1.57];[0.8,-0.0,151.3];20;3;1.96;10;1;1.5;0;11.604966;0.564891;None;
actor 4;;;[0,0.6,0][0,0,191.6][0.8,-0.55,0][0,0,15.5][-0.8,-0.5,0][0,0,345][0,-0.9,0][0,0,0];4 2 semicloseup int B;[1.81,-1.20,1.57];[0.8,-0.0,74.0];20;3;0.6;5;1;1.5;0;11.604966;0.564891;None;
actor 4;;;[0,0.6,0][0,0,191.6][0.8,-0.55,0][0,0,15.5][-0.8,-0.5,0][0,0,345][0,-0.9,0][0,0,0];4 2 supercloseup ext;[1.30,0.14,1.64];[3.3,-0.0,131.8];10;3;1.96;10;1;1.5;0;11.604966;0.564891;None;
actor 4;;;[0,0.6,0][0,0,191.6][0.8,-0.55,0][0,0,15.5][-0.8,-0.5,0][0,0,345][0,-0.9,0][0,0,0];4 2 supercloseup int;[1.00,0.39,1.64];[2.8,-0.0,144.8];10;3;1.96;10;1;0.6;0;11.604966;0.564891;None;
actor 4;;;[0,0.6,0][0,0,191.6][0.8,-0.55,0][0,0,15.5][-0.8,-0.5,0][0,0,345][0,-0.9,0][0,0,0];4 2 wide ext;[0.85,1.82,1.60];[355.1,-0.0,168.0];25;3;1.74;10;1;2.75;0;19.93699;0.998361;None;
actor 4;;;[0,0.6,0][0,0,191.6][0.8,-0.55,0][0,0,15.5][-0.8,-0.5,0][0,0,345][0,-0.9,0][0,0,0];4 3 closeup int;[-1.36,0.68,1.62];[1.9,-0.0,216.9];13;3;1.96;10;1;1.41;0;11.604966;0.564891;None;
actor 4;;;[0,0.6,0][0,0,191.6][0.8,-0.55,0][0,0,15.5][-0.8,-0.5,0][0,0,345][0,-0.9,0][0,0,0];4 3 closeup int B;[-1.91,-0.94,1.63];[1.9,-0.0,276.4];13;3;0.7;2.8;1;1.41;0;11.604966;0.564891;None;
actor 4;;;[0,0.6,0][0,0,191.6][0.8,-0.55,0][0,0,15.5][-0.8,-0.5,0][0,0,345][0,-0.9,0][0,0,0];4 3 medium ext;[-0.74,1.74,1.57];[358.6,-0.0,189.1];20;3;0.4;9.2;1;2.8;0;28.249542;1.2700729;None;
actor 4;;;[0,0.6,0][0,0,191.6][0.8,-0.55,0][0,0,15.5][-0.8,-0.5,0][0,0,345][0,-0.9,0][0,0,0];4 3 medium ext B;[-2.86,-1.16,1.58];[357.9,-0.0,283.1];20;3;0.6;2.8;1;2.4;0;28.249542;1.2700729;None;
actor 4;;;[0,0.6,0][0,0,191.6][0.8,-0.55,0][0,0,15.5][-0.8,-0.5,0][0,0,345][0,-0.9,0][0,0,0];4 3 semicloseup ext;[-0.95,0.67,1.63];[359.5,-0.0,203.4];20;3;1.96;10;1;1.65;0;11.604966;0.564891;None;
actor 4;;;[0,0.6,0][0,0,191.6][0.8,-0.55,0][0,0,15.5][-0.8,-0.5,0][0,0,345][0,-0.9,0][0,0,0];4 3 supercloseup ext;[-1.24,0.17,1.64];[3.3,-0.0,225.3];10;3;1.96;10;1;1.15;0;11.604966;0.564891;None;
actor 4;;;[0,0.6,0][0,0,191.6][0.8,-0.55,0][0,0,15.5][-0.8,-0.5,0][0,0,345][0,-0.9,0][0,0,0];4 3 supercloseup int;[-0.97,0.48,1.63];[3.5,-0.0,211.5];10;3;1.96;10;1;0.6;0;11.604966;0.564891;None;
actor 4;;;[0,0.6,0][0,0,191.6][0.8,-0.55,0][0,0,15.5][-0.8,-0.5,0][0,0,345][0,-0.9,0][0,0,0];4 3 wide ext;[-1.27,1.59,1.49];[357.2,-0.0,199.3];25;3;0.7;9.4;1;2.3;0;19.93699;0.998361;None;
actor 4;;;[0,0.6,0][0,0,191.6][0.8,-0.55,0][0,0,15.5][-0.8,-0.5,0][0,0,345][0,-0.9,0][0,0,0];4 3 wide ext B;[-1.17,-3.36,1.55];[355.4,-0.0,342.0];25;3;0.7;9.3;1;2.05;0;19.93699;0.998361;None;
actor 4;;;[0,0.6,0][0,0,191.6][0.8,-0.55,0][0,0,15.5][-0.8,-0.5,0][0,0,345][0,-0.9,0][0,0,0];4 closeup zero;[-0.02,0.58,1.60];[3.3,-0.0,179.1];17;3;0.7;2.8;1;1.34;0;11.604966;0.564891;None;
actor 4;;;[0,0.6,0][0,0,191.6][0.8,-0.55,0][0,0,15.5][-0.8,-0.5,0][0,0,345][0,-0.9,0][0,0,0];4 semicloseup zero;[-0.00,0.35,1.60];[1.8,-0.0,178.9];25;3;1.96;4.8;1;0.95;0;11.604966;0.564891;None;
actor 4;;;[0,0.6,0][0,0,191.6][0.8,-0.55,0][0,0,15.5][-0.8,-0.5,0][0,0,345][0,-0.9,0][0,0,0];4 supercloseup zero;[0.05,0.71,1.64];[2.8,-0.0,177.5];10;3;1.96;10;1;0.6;0;11.604966;0.564891;None;
;;;[0,0.9,0][0,0,180][0,-0.4,0][0,0,0];1 2 closeup ext;[-0.65,-1.21,1.15];[0.2,-0.0,338.2];12;2;0.75;1.75;1;1.95;0;15.9625;1.4985;None;
;;;[0,0.9,0][0,0,180][0,-0.4,0][0,0,0];1 2 closeup int;[-0.64,-0.55,1.17];[359.3,-0.0,330.2];17;2;0.82;1.8;1;1.35;0;16.6908;1.63836;None;
;;;[0,0.9,0][0,0,180][0,-0.4,0][0,0,0];1 2 medium ext;[-1.60,-2.08,1.16];[358.2,-0.0,326.4];14;2;1.05;1.2;1;2.75;0;18.8871;2.0979;None;
;;;[0,0.9,0][0,0,180][0,-0.4,0][0,0,0];1 2 semicloseup ext;[-1.14,-1.63,1.15];[358.4,-0.0,330.4];14;2;1.05;1.2;1;2.13;0;18.8871;2.0979;None;
;;;[0,0.9,0][0,0,180][0,-0.4,0][0,0,0];1 2 semicloseup int;[-1.17,-0.77,1.14];[357.7,-0.0,319.9];19;2;1.05;1.2;1;1;0;84.4233;1.02439;None;
;;;[0,0.9,0][0,0,180][0,-0.4,0][0,0,0];1 2 supercloseup int;[-0.37,-0.48,1.16];[0.5,-0.0,339.5];12;2;0.75;1.75;1;1.2;0;15.9625;1.4985;None;
;;;[0,0.9,0][0,0,180][0,-0.4,0][0,0,0];1 2 wide ext;[-1.63,-2.01,1.13];[357.9,-0.0,324.2];18;2;1.05;1.2;1;2.75;0;18.8871;2.0979;None;
;;;[0,0.9,0][0,0,180][0,-0.4,0][0,0,0];2 1 closeup ext;[-0.69,1.68,1.22];[358.5,-0.0,200.5];12;2;0.75;1.75;1;1.95;0;15.9625;1.4985;None;
;;;[0,0.9,0][0,0,180][0,-0.4,0][0,0,0];2 1 closeup int;[-0.84,1.03,1.19];[358.8,-0.0,213.2];17;2;0.82;1.8;1;1.35;0;16.6908;1.63836;None;
;;;[0,0.9,0][0,0,180][0,-0.4,0][0,0,0];2 1 medium ext;[-1.17,2.20,1.16];[357.7,-0.0,209.2];16;2;1.25;1.2;1;2.15;0;20.6075;2.4975;None;
;;;[0,0.9,0][0,0,180][0,-0.4,0][0,0,0];2 1 semicloseup ext;[-0.96,2.06,1.15];[358.4,-0.0,205.7];15;2;1.05;1.2;1;2.13;0;18.8871;2.0979;None;
;;;[0,0.9,0][0,0,180][0,-0.4,0][0,0,0];2 1 semicloseup int;[-1.00,1.13,1.16];[357.8,-0.0,218.7];20;2;1.05;1.2;1;1;0;84.4233;1.02439;None;
;;;[0,0.9,0][0,0,180][0,-0.4,0][0,0,0];2 1 supercloseup int;[-0.48,1.10,1.17];[0.4,-0.0,199.0];12;2;0.75;1.75;1;1;0;15.9625;1.4985;None;
;;;[0,0.9,0][0,0,180][0,-0.4,0][0,0,0];2 1 wide ext;[-1.53,2.32,1.15];[357.8,-0.0,216.4];18;2;1.05;1.2;1;2.75;0;18.8871;2.0979;None;
;;;[0,1,0][0,0,180][0,-0.6,0][0,0,0];1 2 closeup ext;[-0.66,-1.97,1.70];[359.4,-0.0,344.3];10;2;2.5;5;1;2;2;28.249542;1.2700729;Closeup;
;;;[0,1,0][0,0,180][0,-0.6,0][0,0,0];1 2 closeup int;[-0.57,-1.08,1.76];[358.3,-0.0,342.0];12;2;2.5;3;1;0;0;28.249542;1.2700729;Closeup;
;;;[0,1,0][0,0,180][0,-0.6,0][0,0,0];1 2 medium ext;[-1.06,-1.76,1.71];[356.0,-0.0,331.8];20;2;2.5;5;1;2.14;0;28.249542;1.2700729;Medium;
;;;[0,1,0][0,0,180][0,-0.6,0][0,0,0];1 2 medium int;[-0.69,-0.85,1.70];[355.5,-0.0,333.1];25;2;2.5;5;1;0;0;28.249542;1.2700729;Medium;
;;;[0,1,0][0,0,180][0,-0.6,0][0,0,0];1 2 semicloseup ext;[-0.74,-1.47,1.71];[357.4,-0.0,337.2];17;2;2.5;5;1;1.75;0;28.249542;1.2700729;Semicloseup;
;;;[0,1,0][0,0,180][0,-0.6,0][0,0,0];1 2 semicloseup int;[-0.79,-1.15,1.73];[357.2,-0.0,336.6];17;2;2.5;5;1;0;0;28.249542;1.2700729;Semicloseup;
;;;[0,1,0][0,0,180][0,-0.6,0][0,0,0];1 2 supercloseup int;[-0.45,-0.61,1.71];[0.3,-0.0,342.1];10;2;2.5;5;1;0;0;28.249542;1.2700729;Supercloseup;
;;;[0,1,0][0,0,180][0,-0.6,0][0,0,0];1 2 wide ext;[-1.27,-1.90,1.71];[354.9,-0.0,327.7];23;2;2.5;5;1;2;0;28.249542;1.2700729;Wide;
;;;[0,1,0][0,0,180][0,-0.6,0][0,0,0];2 1 closeup ext;[-0.80,2.35,1.74];[358.6,-0.0,198.7];10;2;5;2.5;1;2.02;0;28.249542;1.2700729;Closeup;
;;;[0,1,0][0,0,180][0,-0.6,0][0,0,0];2 1 closeup int;[-0.58,1.46,1.78];[357.8,-0.0,198.8];12;2;2.5;5;1;0;0;28.249542;1.2700729;Closeup;
;;;[0,1,0][0,0,180][0,-0.6,0][0,0,0];2 1 medium ext;[-0.84,2.06,1.68];[357.0,-0.0,205.0];20;0;2.5;5;1;2;0;42.1379;2.70603;Medium;
;;;[0,1,0][0,0,180][0,-0.6,0][0,0,0];2 1 medium int;[-0.67,1.30,1.70];[355.6,-0.0,207.0];25;2;2.5;5;1;0;0;28.249542;1.2700729;Medium;
;;;[0,1,0][0,0,180][0,-0.6,0][0,0,0];2 1 semicloseup ext;[-0.59,1.77,1.74];[356.8,-0.0,200.1];17;2;2.5;5;1;1.15;0;28.249542;1.2700729;Semicloseup;
;;;[0,1,0][0,0,180][0,-0.6,0][0,0,0];2 1 semicloseup int;[-0.55,1.50,1.75];[357.3,-0.0,198.8];17;2;2.5;5;1;0;0;28.249542;1.2700729;Semicloseup;
;;;[0,1,0][0,0,180][0,-0.6,0][0,0,0];2 1 supercloseup int;[-0.37,1.01,1.76];[358.5,-0.0,195.8];10;2;1.5;5;1;0;0;28.249542;1.2700729;Supercloseup;
;;;[0,1,0][0,0,180][0,-0.6,0][0,0,0];2 1 wide ext;[-1.06,2.20,1.68];[354.8,-0.0,210.5];25;2;1.5;5;1;1.75;0;28.249542;1.2700729;Wide;
